organisationunitid,organisationunitname,province_name,province_code,organisationunitcode,2015-06-27,2016-06-26,2017-06-26,2018-06-26,2019-06-27,2020-06-26,2021-06-26,2022-06-26,2023-06-27,2024-06-26,2025-06-26,2015-09-29,2016-09-28,2017-09-28,2018-09-28,2019-09-29,2020-09-28,2021-09-28,2022-09-28,2023-09-29,2024-09-28,2025-09-28,2015-04-25,2016-04-24,2017-04-25,2018-04-25,2019-04-25,2020-04-24,2021-04-25,2022-04-25,2023-04-25,2024-04-24,2025-04-25,2015-08-29,2016-08-28,2017-08-28,2018-08-28,2019-08-29,2020-08-28,2021-08-28,2022-08-28,2023-08-29,2024-08-28,2025-08-28,2016-03-25,2017-03-25,2018-03-26,2019-03-26,2020-03-25,2021-03-25,2022-03-26,2023-03-26,2024-03-25,2025-03-25,2016-02-24,2017-02-23,2018-02-24,2019-02-24,2020-02-24,2021-02-24,2022-02-24,2023-02-24,2024-02-24,2025-02-24,2015-05-26,2016-05-25,2017-05-26,2018-05-26,2019-05-26,2020-05-25,2021-05-26,2022-05-26,2023-05-26,2024-05-25,2025-05-26,2015-10-29,2016-10-28,2017-10-29,2018-10-29,2019-10-29,2020-10-28,2021-10-29,2022-10-29,2023-10-29,2024-10-28,2025-10-29,2016-01-26,2017-01-25,2018-01-26,2019-01-26,2020-01-26,2021-01-25,2022-01-26,2023-01-26,2024-01-26,2025-01-25,2015-11-28,2016-11-27,2017-11-28,2018-11-28,2019-11-28,2020-11-27,2021-11-28,2022-11-28,2023-11-28,2024-11-27,2025-11-28,2015-12-27,2016-12-27,2017-12-27,2018-12-27,2019-12-28,2020-12-27,2021-12-27,2022-12-27,2023-12-28,2024-12-27,2015-07-28,2016-07-27,2017-07-27,2018-07-28,2019-07-28,2020-07-27,2021-07-27,2022-07-28,2023-07-28,2024-07-27,2025-07-28
DLyaDAF00hm,204 MAHOTTARI,2 Madhesh Province,2,204,3.0,32.0,0,33.0,12.0,13.0,20.0,10.0,2.0,4.0,0,0,2.0,0,0,0,0,0,2.0,9.0,3.0,0,44.0,1.0,0,0,0,4.0,0,0,8.0,4.0,11.0,0,2.0,0,12.0,0,8.0,6.0,27.0,4.0,13.0,14.0,0,0,0,0,0,0,0,0,2.0,0,0,0,0,0,0,0,1.0,0,0,0,2.0,36.0,0,30.0,0,17.0,0,0,4.0,4.0,12.0,0,2.0,0,5.0,0,0,0,11.0,9.0,0,0,0,0,0,0,0,0,0,0,0,0,0,0,0,0,0,0,8.0,23.0,2.0,5.0,5.0,0,0,0,0,0,0,0,2.0,0,0,1.0,3.0,0,0,0,10.0,5.0,0,1.0,4.0,63.0
vjL1uSC10Jh,701 BAJURA,7 Sudurpashchim Province,7,701,0,1.0,1.0,0,4.0,2.0,0,0,0,4.0,2.0,2.0,0,2.0,1.0,1.0,5.0,1.0,2.0,9.0,3.0,4.0,2.0,0,0,0,0,0,1.0,1.0,0,5.0,0,0,5.0,1.0,1.0,3.0,3.0,7.0,3.0,3.0,11.0,2.0,0,0,0,0,0,0,1.0,0,0,0,0,0,0,0,0,1.0,0,0,0,0,0,1.0,2.0,1.0,1.0,0,0,0,0,2.0,2.0,0,0,0,0,7.0,2.0,0,0,1.0,0,2.0,0,0,0,0,0,0,12.0,0,0,0,0,0,0,0,0,1.0,1.0,0,0,0,0,0,0,0,0,0,0,0,0,0,0,10.0,3.0,2.0,1.0,15.0,3.0,1.0,0,5.0,3.0,28.0
CNFRaFUfLjo,111 JHAPA,1 Koshi Province,1,111,0,0,0,170.0,2.0,54.0,1505.0,204.0,160.0,57.0,94.0,3.0,0,0,0,2.0,129.0,200.0,292.0,111.0,52.0,0,0,0,0,0,0,2.0,74.0,95.0,100.0,14.0,8.0,3.0,0,0,0,2.0,142.0,114.0,388.0,163.0,80.0,2.0,3.0,0,0,0,2.0,40.0,72.0,70.0,12.0,10.0,3.0,0,12.0,16.0,2.0,20.0,34.0,43.0,10.0,2.0,0,0,0,0,0,3.0,118.0,127.0,132.0,39.0,61.0,4.0,0,0,0,4.0,106.0,113.0,237.0,118.0,34.0,9.0,3.0,0,0,0,2.0,9.0,9.0,24.0,3.0,5.0,6.0,0,0,0,2.0,40.0,61.0,84.0,68.0,14.0,9.0,3.0,0,0,0,4.0,16.0,14.0,18.0,29.0,3.0,3.0,0,0,2.0,0,173.0,176.0,336.0,217.0,107.0,132.0
Fh294RrB7an,208 PARSA,2 Madhesh Province,2,208,3.0,4.0,2.0,3.0,0,4.0,1.0,2.0,2.0,18.0,35.0,5.0,2.0,18.0,1.0,0,8.0,252.0,13.0,17.0,28.0,1.0,0,1.0,0,0,0,0,1.0,0,4.0,0,17.0,6.0,2.0,3.0,3.0,10.0,3.0,15.0,2.0,15.0,42.0,0,0,0,0,18.0,0,0,94.0,6.0,2.0,12.0,0,0,0,1.0,0,0,32.0,5.0,3.0,5.0,10.0,3.0,0,1.0,0,3.0,1.0,73.0,0,8.0,20.0,9.0,0,0,0,2.0,0,95.0,2.0,7.0,23.0,0,6.0,0,0,0,0,0,0,1.0,0,1.0,0,0,0,0,1.0,0,40.0,6.0,7.0,4.0,0,0,0,0,1.0,0,0,0,0,0,0,11.0,0,1.0,11.0,4.0,0,1.0,3.0,19.0,14.0,15.0
uHEl9oRZm8L,102 SANKHUWASABHA,1 Koshi Province,1,102,8.0,6.0,9.0,10.0,6.0,12.0,12.0,16.0,7.0,25.0,21.0,4.0,4.0,5.0,9.0,5.0,15.0,15.0,13.0,11.0,12.0,9.0,5.0,3.0,10.0,6.0,2.0,2.0,4.0,2.0,27.0,18.0,8.0,10.0,9.0,4.0,10.0,8.0,19.0,15.0,10.0,8.0,34.0,13.0,2.0,1.0,2.0,2.0,1.0,0,2.0,19.0,11.0,9.0,0,0,0,0,0,0,0,1.0,9.0,0,12.0,8.0,8.0,4.0,6.0,6.0,9.0,8.0,9.0,21.0,14.0,1.0,4.0,3.0,2.0,2.0,5.0,4.0,7.0,6.0,5.0,4.0,0,3.0,0,0,0,0,0,0,4.0,6.0,4.0,0,0,0,1.0,0,0,2.0,0,21.0,0,0,2.0,0,0,0,0,0,6.0,0,10.0,8.0,19.0,17.0,5.0,5.0,10.0,11.0,5.0,19.0,13.0,64.0
kBRVmS9IKRE,610 SURKHET,6 Karnali Province,6,610,15.0,21.0,5.0,3.0,2.0,1.0,2.0,5.0,22.0,17.0,18.0,7.0,3.0,8.0,1.0,0,0,1.0,5.0,7.0,14.0,16.0,8.0,4.0,1.0,0,3.0,0,0,0,0,5.0,2.0,23.0,20.0,4.0,4.0,6.0,4.0,6.0,6.0,22.0,16.0,15.0,0,0,4.0,1.0,0,2.0,0,0,3.0,0,2.0,0,0,0,0,0,0,0,0,1.0,12.0,6.0,6.0,2.0,1.0,0,1.0,0,9.0,7.0,9.0,13.0,2.0,0,2.0,0,0,2.0,2.0,6.0,3.0,5.0,0,0,0,0,0,0,0,0,0,0,0,0,4.0,0,1.0,0,0,4.0,0,0,5.0,0,0,2.0,0,0,0,0,0,0,0,8.0,18.0,10.0,5.0,2.0,1.0,3.0,13.0,17.0,16.0,77.0
YmFSl06J6cs,203 DHANUSA,2 Madhesh Province,2,203,0,0,0,0,0,1.0,0,0,0,1.0,1.0,0,0,0,0,0,0,0,0,96.0,12.0,4.0,0,0,0,0,0,0,0,0,0,0,0,0,0,0,3.0,0,0,0,0,117.0,2.0,0,2.0,0,4.0,4.0,0,1.0,0,0,0,6.0,0,0,0,0,0,0,0,0,11.0,0,0,0,0,0,0,0,0,0,0,0,1.0,2.0,0,0,3.0,0,0,0,0,127.0,0,18.0,0,0,0,0,1.0,2.0,0,0,0,0,8.0,0,0,0,0,0,0,0,73.0,0,0,0,0,0,0,0,0,0,0,5.0,0,0,0,0,1.0,0,0,6.0,0,117.0,6.0,22.0
B7X957nA1lM,104 OKHALDHUNGA,1 Koshi Province,1,104,1.0,0,3.0,4.0,0,1.0,4.0,1.0,2.0,3.0,4.0,1.0,2.0,4.0,1.0,0,5.0,0,3.0,2.0,4.0,5.0,0,0,2.0,0,0,0,0,0,0,0,3.0,7.0,11.0,4.0,1.0,3.0,1.0,4.0,1.0,7.0,3.0,2.0,0,0,0,2.0,0,0,0,0,0,0,0,0,0,2.0,0,0,0,0,22.0,0,0,0,2.0,0,4.0,4.0,1.0,2.0,1.0,1.0,2.0,2.0,0,1.0,0,0,0,0,1.0,4.0,3.0,2.0,0,0,0,0,0,0,0,0,19.0,0,0,1.0,0,0,0,0,0,0,0,0,1.0,0,0,0,0,0,0,0,0,0,0,5.0,2.0,0,3.0,3.0,3.0,4.0,5.0,4.0,8.0,40.0
i6gMyoP9ReK,113 SUNSARI,1 Koshi Province,1,113,0,0,0,0,0,0,2.0,0,1.0,0,218.0,4.0,0,0,1.0,0,0,0,0,22.0,190.0,0,0,0,0,0,0,0,0,0,0,10.0,0,0,0,2.0,0,0,0,0,1.0,18.0,250.0,206.0,0,0,0,0,0,0,0,0,42.0,56.0,0,0,0,0,0,0,0,0,18.0,30.0,0,0,2.0,1.0,0,0,2.0,0,0,0,0,0,0,0,0,0,0,0,92.0,22.0,138.0,96.0,0,0,0,0,0,0,0,0,12.0,7.0,0,0,0,0,0,0,0,46.0,56.0,58.0,57.0,2.0,0,0,1.0,0,0,0,13.0,24.0,20.0,1.0,0,0,0,0,0,0,0,2.0,313.0,717.0
ICSVN3EZGcy,410 PARBAT,4 Gandaki Province,4,410,4.0,18.0,17.0,21.0,6.0,4.0,3.0,6.0,6.0,7.0,3.0,20.0,27.0,14.0,15.0,3.0,1.0,8.0,12.0,3.0,9.0,3.0,1.0,3.0,5.0,0,0,5.0,0,1.0,2.0,0,4.0,15.0,16.0,15.0,13.0,17.0,8.0,3.0,3.0,7.0,5.0,8.0,0,5.0,0,0,0,0,0,0,2.0,0,0,0,0,1.0,0,0,2.0,0,0,0,2.0,15.0,12.0,10.0,5.0,4.0,2.0,13.0,2.0,2.0,5.0,0,10.0,4.0,6.0,1.0,10.0,1.0,0,1.0,3.0,1.0,0,0,0,0,0,0,0,0,0,0,0,0,7.0,0,0,1.0,3.0,0,1.0,0,0,0,0,9.0,0,1.0,0,0,0,0,0,10.0,24.0,10.0,27.0,2.0,17.0,3.0,8.0,11.0,11.0,26.0
BywOwm8jUhf,703 DARCHULA,7 Sudurpashchim Province,7,703,0,0,0,0,1.0,0,4.0,1.0,0,0,0,0,0,0,1.0,0,0,0,4.0,2.0,2.0,2.0,0,0,0,0,0,0,0,1.0,3.0,0,0,0,2.0,0,1.0,0,1.0,1.0,0,1.0,0,5.0,0,0,0,0,0,0,0,1.0,4.0,1.0,0,0,0,0,0,0,16.0,0,0,0,0,0,0,0,0,2.0,1.0,1.0,0,0,1.0,0,1.0,0,0,0,0,0,2.0,0,5.0,0,0,0,0,0,0,0,0,0,0,0,0,0,0,0,0,1.0,0,1.0,0,0,0,0,0,0,0,0,0,0,0,0,0,1.0,1.0,0,1.0,1.0,2.0,0,0,4.0,1.0,11.0
kfrKchZfqGr,407 TANAHU,4 Gandaki Province,4,407,12.0,19.0,2.0,5.0,2.0,3.0,5.0,29.0,2.0,16.0,24.0,11.0,20.0,1.0,13.0,15.0,19.0,37.0,33.0,8.0,33.0,8.0,11.0,6.0,0,2.0,4.0,3.0,6.0,0,0,2.0,19.0,13.0,19.0,7.0,11.0,10.0,31.0,10.0,8.0,9.0,17.0,7.0,11.0,0,0,0,2.0,2.0,8.0,0,0,9.0,10.0,0,1.0,2.0,0,3.0,3.0,0,0,0,20.0,13.0,3.0,2.0,0,10.0,5.0,41.0,1.0,9.0,12.0,10.0,26.0,2.0,1.0,4.0,9.0,15.0,10.0,2.0,8.0,20.0,7.0,4.0,0,2.0,0,0,0,0,1.0,0,9.0,9.0,0,0,1.0,3.0,2.0,0,0,2.0,18.0,8.0,7.0,3.0,0,1.0,2.0,4.0,0,0,1.0,11.0,28.0,6.0,13.0,9.0,26.0,32.0,14.0,3.0,22.0,55.0
BdLcDbLQd88,101 TAPLEJUNG,1 Koshi Province,1,101,0,3.0,10.0,12.0,11.0,4.0,4.0,2.0,1.0,2.0,2.0,6.0,8.0,8.0,3.0,1.0,1.0,1.0,1.0,4.0,1.0,1.0,2.0,1.0,14.0,4.0,0,3.0,0,0,1.0,5.0,1.0,5.0,6.0,5.0,1.0,4.0,2.0,3.0,9.0,1.0,4.0,2.0,0,7.0,0,0,0,1.0,0,6.0,0,0,0,0,0,3.0,0,0,0,0,0,0,8.0,31.0,10.0,4.0,14.0,2.0,4.0,0,1.0,3.0,0,2.0,1.0,0,0,6.0,1.0,2.0,1.0,0,4.0,2.0,0,3.0,0,0,0,0,0,0,0,0,2.0,1.0,0,0,0,0,0,0,6.0,0,0,1.0,0,0,0,0,0,0,1.0,0,0,4.0,2.0,11.0,1.0,6.0,5.0,9.0,1.0,5.0,1.0,7.0
zkFZKX5RX1A,501 RUKUM EAST,5 Lumbini Province,5,501,0,0,0,0,1.0,3.0,1.0,8.0,1.0,1.0,7.0,0,0,0,0,0,2.0,2.0,1.0,0,1.0,1.0,0,0,0,0,0,1.0,0,0,0,1.0,6.0,0,2.0,0,0,1.0,3.0,3.0,3.0,0,0,3.0,0,0,0,0,0,0,1.0,0,0,0,0,0,0,0,0,0,0,0,0,0,0,1.0,0,0,0,2.0,1.0,0,1.0,1.0,10.0,0,0,0,0,0,0,0,0,0,1.0,2.0,0,0,0,0,0,0,0,0,2.0,0,0,0,0,0,0,2.0,0,0,0,0,0,0,0,0,0,0,0,0,0,0,0,0,1.0,0,0,0,0,5.0,0,0,5.0,16.0
WfE2smSUNDt,504 GULMI,5 Lumbini Province,5,504,2.0,429.0,3.0,10.0,10.0,8.0,8.0,17.0,15.0,12.0,16.0,1.0,1.0,1.0,10.0,0,24.0,17.0,5.0,25.0,11.0,1.0,1.0,1.0,3.0,4.0,3.0,5.0,2.0,2.0,0,2.0,0,1.0,6.0,3.0,15.0,7.0,8.0,22.0,9.0,20.0,27.0,7.0,2.0,2.0,2.0,0,0,0,0,0,0,0,1.0,0,0,0,10.0,0,0,0,0,3.0,9.0,8.0,3.0,9.0,10.0,7.0,17.0,3.0,1.0,9.0,4.0,0,0,1.0,2.0,5.0,5.0,5.0,0,5.0,8.0,3.0,0,2.0,1.0,0,0,0,1.0,0,0,0,1.0,1.0,0,0,1.0,1.0,1.0,3.0,0,3.0,0,0,0,0,1.0,1.0,7.0,0,0,0,2.0,2.0,3.0,1.0,17.0,13.0,10.0,18.0,13.0,7.0,40.0,27.0
QzI3Btz60Ne,305 NUWAKOT,3 Bagmati Province,3,305,3.0,5.0,10.0,7.0,5.0,9.0,3.0,6.0,4.0,8.0,10.0,6.0,2.0,11.0,6.0,5.0,8.0,3.0,1.0,5.0,5.0,6.0,0,0,3.0,4.0,0,1.0,4.0,0,0,1.0,1.0,10.0,3.0,220.0,6.0,10.0,11.0,9.0,6.0,7.0,3.0,5.0,1.0,0,2.0,1.0,0,0,0,0,0,0,3.0,0,0,1.0,0,0,0,0,0,0,0,9.0,6.0,0,2.0,5.0,2.0,2.0,1.0,4.0,0,0,1.0,0,0,1.0,3.0,2.0,0,0,2.0,4.0,0,4.0,0,0,0,0,2.0,0,0,0,0,2.0,2.0,0,1.0,0,0,0,0,2.0,1.0,2.0,0,0,0,0,0,0,0,0,0,10.0,4.0,11.0,7.0,17.0,6.0,11.0,8.0,3.0,3.0,26.0
O5p5idrXdiw,112 MORANG,1 Koshi Province,1,112,12.0,15.0,48.0,56.0,24.0,39.0,14.0,31.0,10.0,103.0,146.0,2.0,34.0,34.0,38.0,18.0,9.0,29.0,13.0,63.0,90.0,44.0,10.0,12.0,11.0,23.0,16.0,6.0,31.0,97.0,9.0,55.0,59.0,23.0,31.0,34.0,26.0,63.0,17.0,22.0,12.0,19.0,103.0,87.0,0,9.0,9.0,11.0,24.0,5.0,12.0,32.0,42.0,42.0,0,2.0,9.0,6.0,8.0,4.0,7.0,3.0,1.0,2.0,18.0,8.0,18.0,31.0,25.0,9.0,9.0,24.0,12.0,86.0,54.0,23.0,15.0,22.0,11.0,6.0,5.0,9.0,10.0,46.0,59.0,23.0,0,7.0,0,2.0,2.0,2.0,0,1.0,0,3.0,2.0,19.0,13.0,19.0,5.0,4.0,46.0,14.0,30.0,7.0,9.0,0,5.0,3.0,2.0,4.0,2.0,8.0,2.0,2.0,3.0,23.0,60.0,80.0,77.0,2.0,13.0,31.0,66.0,22.0,120.0,517.0
jJmNryYp6Mc,602 MUGU,6 Karnali Province,6,602,0,0,0,12.0,1.0,6.0,0,0,2.0,0,2.0,0,0,0,0,0,2.0,0,1.0,0,1.0,0,0,0,84.0,0,0,0,0,0,0,0,0,0,0,0,2.0,0,2.0,4.0,0,1.0,1.0,1.0,0,0,0,0,3.0,0,0,0,0,0,0,0,0,0,0,0,0,0,0,0,0,1.0,0,0,0,1.0,0,0,0,0,0,0,0,0,0,0,0,0,0,0,0,0,0,0,0,0,0,0,0,0,0,0,2.0,1.0,0,0,0,0,0,0,0,0,0,0,0,0,0,0,0,0,0,0,0,0,0,0,0,0,5.0,2.0,0,1.0,0,7.0
bX87SmYR3TJ,202 SIRAHA,2 Madhesh Province,2,202,0,0,61.0,69.0,0,70.0,63.0,88.0,17.0,5.0,8.0,0,1.0,41.0,34.0,34.0,23.0,34.0,11.0,0,0,0,0,0,3.0,0,9.0,26.0,16.0,29.0,7.0,53.0,13.0,0,0,11.0,86.0,36.0,0,55.0,0,11.0,13.0,0,0,0,19.0,18.0,18.0,8.0,5.0,0,22.0,18.0,10.0,0,0,1.0,5.0,8.0,9.0,0,27.0,0,0,0,28.0,6.0,20.0,29.0,18.0,40.0,8.0,0,15.0,0,142.0,35.0,40.0,19.0,31.0,30.0,10.0,4.0,0,0,5.0,0,179.0,82.0,1.0,9.0,0,0,2.0,0,4.0,0,9.0,8.0,24.0,9.0,19.0,0,11.0,0,0,14.0,0,0,0,2.0,0,4.0,0,11.0,0,0,10.0,90.0,46.0,56.0,8.0,68.0,23.0,13.0,6.0,6.0
rsZaqJl5R0A,312 MAKWANPUR,3 Bagmati Province,3,312,14.0,12.0,10.0,29.0,7.0,3.0,8.0,3.0,2.0,24.0,9.0,5.0,6.0,3.0,9.0,1.0,1.0,2.0,58.0,10.0,4.0,10.0,0,0,1.0,3.0,3.0,0,4.0,1.0,0,4.0,3.0,4.0,3.0,6.0,9.0,6.0,3.0,3.0,6.0,10.0,14.0,14.0,1.0,7.0,0,3.0,3.0,0,0,0,1.0,1.0,0,1.0,0,2.0,0,0,0,17.0,0,0,6.0,4.0,9.0,6.0,5.0,3.0,11.0,3.0,1.0,8.0,5.0,1.0,1.0,1.0,8.0,1.0,2.0,1.0,4.0,2.0,5.0,6.0,0,0,0,0,0,0,0,0,0,0,0,0,0,0,0,1.0,0,0,0,1.0,7.0,2.0,2.0,0,0,0,2.0,1.0,0,0,0,11.0,13.0,13.0,12.0,2.0,8.0,5.0,12.0,6.0,17.0,69.0
JBTkOU5m0Bu,702 BAJHANG,7 Sudurpashchim Province,7,702,3.0,1.0,0,2.0,16.0,2.0,0,6.0,1.0,7.0,1.0,2.0,3.0,0,1.0,8.0,2.0,9.0,0,6.0,5.0,1.0,0,2.0,0,0,0,0,0,0,0,1.0,2.0,7.0,7.0,10.0,10.0,3.0,2.0,2.0,10.0,15.0,7.0,4.0,0,0,0,0,0,0,0,0,5.0,0,0,0,0,0,0,0,0,0,0,0,0,0,4.0,3.0,1.0,1.0,2.0,1.0,1.0,1.0,4.0,1.0,0,0,26.0,0,1.0,7.0,0,2.0,5.0,0,0,0,0,0,0,0,0,0,0,4.0,1.0,0,0,0,0,0,1.0,0,0,2.0,0,0,0,0,0,0,2.0,0,0,0,0,0,2.0,6.0,5.0,17.0,2.0,3.0,23.0,3.0,17.0,17.0
wYKHZ0iyjfd,512 BARDIYA,5 Lumbini Province,5,512,0,1.0,13.0,23.0,6.0,0,3.0,1.0,1.0,1.0,3.0,0,0,5.0,3.0,0,8.0,18.0,0,4.0,1.0,0,0,0,18.0,11.0,7.0,0,0,1.0,0,2.0,0,0,0,1.0,34.0,53.0,3.0,13.0,3.0,0,0,0,0,5.0,0,0,0,0,0,43.0,0,0,0,0,0,0,0,0,0,0,0,0,0,0,6.0,22.0,13.0,0,5.0,2.0,1.0,0,0,0,0,3.0,0,1.0,3.0,1.0,4.0,0,0,4.0,0,3.0,0,0,0,0,0,0,0,0,0,2.0,0,0,0,0,0,0,0,0,0,0,0,0,0,0,0,0,0,2.0,0,0,0,25.0,42.0,0,1.0,11.0,3.0,1.0,0,6.0
LnJ8MTOmgGa,105 KHOTANG,1 Koshi Province,1,105,12.0,25.0,9.0,8.0,15.0,9.0,13.0,5.0,5.0,17.0,11.0,4.0,12.0,2.0,3.0,4.0,12.0,8.0,1.0,3.0,7.0,1.0,0,0,4.0,2.0,1.0,1.0,1.0,0,0,0,0,1.0,7.0,13.0,6.0,8.0,5.0,3.0,8.0,8.0,16.0,3.0,0,0,0,1.0,6.0,0,0,0,0,0,0,0,1.0,1.0,0,0,0,4.0,3.0,9.0,4.0,14.0,28.0,3.0,0,27.0,4.0,4.0,1.0,3.0,5.0,0,4.0,2.0,4.0,1.0,4.0,1.0,2.0,2.0,8.0,1.0,0,0,0,0,0,0,0,0,0,3.0,0,0,0,0,0,0,0,15.0,1.0,0,0,0,0,2.0,6.0,1.0,0,0,0,0,6.0,3.0,26.0,9.0,5.0,7.0,4.0,3.0,4.0,6.0,25.0,31.0
grMJpaDdSrD,114 UDAYAPUR,1 Koshi Province,1,114,39.0,28.0,16.0,17.0,107.0,52.0,27.0,30.0,124.0,81.0,52.0,15.0,8.0,7.0,49.0,33.0,0,29.0,51.0,34.0,62.0,25.0,2.0,9.0,1.0,25.0,26.0,16.0,6.0,12.0,5.0,8.0,22.0,32.0,9.0,8.0,32.0,53.0,51.0,22.0,59.0,47.0,50.0,12.0,0,2.0,3.0,20.0,7.0,6.0,15.0,4.0,11.0,11.0,0,0,0,4.0,4.0,5.0,6.0,9.0,0,1.0,7.0,10.0,29.0,43.0,65.0,28.0,21.0,32.0,35.0,40.0,22.0,8.0,6.0,2.0,4.0,13.0,2.0,23.0,32.0,20.0,29.0,17.0,0,0,0,0,1.0,0,3.0,0,0,0,1.0,0,1.0,0,1.0,0,11.0,10.0,7.0,12.0,5.0,2.0,1.0,2.0,0,4.0,0,0,2.0,0,6.0,7.0,15.0,16.0,34.0,55.0,41.0,40.0,39.0,65.0,73.0,143.0
ycBkX3TlIrL,606 DAILEKH,6 Karnali Province,6,606,0,11.0,3.0,7.0,8.0,14.0,7.0,4.0,13.0,5.0,5.0,1.0,6.0,12.0,2.0,5.0,7.0,1.0,6.0,7.0,3.0,4.0,1.0,0,0,0,0,5.0,0,0,0,1.0,0,6.0,6.0,8.0,21.0,3.0,11.0,1.0,13.0,3.0,34.0,1.0,0,0,7.0,0,0,1.0,0,0,0,0,0,0,1.0,0,9.0,0,0,0,0,0,2.0,9.0,2.0,6.0,3.0,3.0,1.0,2.0,2.0,2.0,4.0,0,0,1.0,0,0,2.0,1.0,2.0,3.0,3.0,1.0,0,0,0,0,0,0,0,0,0,0,0,1.0,0,1.0,0,1.0,0,0,0,0,0,0,2.0,9.0,0,0,0,0,0,0,0,3.0,5.0,26.0,4.0,10.0,13.0,7.0,13.0,38.0,9.0,20.0
qoayxucpZqH,403 MUSTANG,4 Gandaki Province,4,403,0,0,0,0,0,0,0,0,0,0,0,0,3.0,0,0,0,0,0,0,0,0,0,1.0,0,0,0,0,0,0,0,0,0,0,0,0,0,0,1.0,0,0,0,0,0,0,0,0,0,0,0,0,0,0,0,0,0,0,0,0,0,0,0,0,0,0,0,0,0,0,0,0,0,0,0,1.0,0,0,0,0,0,0,0,0,0,0,0,0,0,0,0,0,0,0,0,0,0,0,0,0,0,0,0,0,0,0,0,0,0,0,0,0,0,0,0,0,0,0,0,0,0,1.0,0,1.0,0,0,1.0,0,0,0
ebbAyOhorzo,507 NAWALPARASI WEST,5 Lumbini Province,5,507,107.0,101.0,51.0,67.0,0,0,0,73.0,73.0,0,0,57.0,28.0,33.0,44.0,0,14.0,16.0,36.0,12.0,21.0,0,33.0,20.0,22.0,19.0,7.0,5.0,21.0,25.0,4.0,3.0,0,69.0,59.0,56.0,29.0,11.0,31.0,11.0,2.0,17.0,0,0,16.0,12.0,15.0,8.0,4.0,0,14.0,15.0,5.0,0,21.0,4.0,5.0,5.0,0,0,0,0,0,0,70.0,68.0,46.0,39.0,26.0,0,0,63.0,22.0,0,66.0,19.0,32.0,39.0,14.0,0,1.0,1.0,19.0,9.0,0,0,10.0,3.0,2.0,1.0,0,0,0,0,0,0,6.0,7.0,8.0,1.0,0,2.0,0,0,1.0,7.0,0,4.0,3.0,6.0,1.0,0,0,0,0,2.0,74.0,95.0,63.0,13.0,17.0,0,15.0,21.0,66.0,84.0,0,68.0
GnpIwWbdxdl,707 ACHHAM,7 Sudurpashchim Province,7,707,2.0,17.0,6.0,3.0,8.0,0,4.0,14.0,2.0,4.0,2.0,9.0,15.0,1.0,0,3.0,4.0,18.0,1.0,4.0,3.0,3.0,0,0,0,0,36.0,3.0,1.0,2.0,0,2.0,1.0,0,16.0,14.0,0,17.0,14.0,16.0,7.0,2.0,3.0,16.0,2.0,0,0,0,0,0,1.0,1.0,0,0,0,0,0,0,0,0,1.0,0,0,0,0,9.0,6.0,2.0,0,13.0,2.0,4.0,0,1.0,0,0,159.0,1.0,2.0,1.0,1.0,4.0,0,0,14.0,0,0,0,2.0,0,2.0,0,1.0,1.0,0,0,0,3.0,0,0,2.0,2.0,0,0,0,0,0,0,0,0,0,0,1.0,0,0,0,0,2.0,11.0,8.0,7.0,12.0,11.0,7.0,5.0,1.0,15.0,51.0
QfZ2pVPRFmz,304 DHADING,3 Bagmati Province,3,304,14.0,12.0,21.0,11.0,13.0,23.0,11.0,6.0,28.0,105.0,46.0,7.0,28.0,23.0,16.0,10.0,23.0,9.0,11.0,42.0,36.0,33.0,3.0,1.0,4.0,3.0,5.0,9.0,3.0,3.0,5.0,6.0,11.0,15.0,21.0,27.0,12.0,13.0,24.0,19.0,19.0,23.0,27.0,24.0,0,5.0,0,1.0,4.0,2.0,0,9.0,1.0,7.0,0,0,15.0,0,1.0,0,0,0,0,49.0,9.0,10.0,12.0,7.0,6.0,22.0,3.0,11.0,21.0,106.0,49.0,2.0,5.0,8.0,6.0,1.0,6.0,1.0,6.0,11.0,30.0,33.0,1.0,2.0,0,0,4.0,0,1.0,1.0,0,2.0,5.0,1.0,1.0,2.0,1.0,1.0,0,2.0,7.0,17.0,44.0,0,1.0,1.0,4.0,4.0,0,0,0,0,7.0,14.0,19.0,22.0,10.0,18.0,28.0,22.0,26.0,38.0,35.0,206.0
q7VB2VrUr83,404 MYAGDI,4 Gandaki Province,4,404,0,4.0,7.0,15.0,11.0,9.0,8.0,5.0,7.0,9.0,8.0,4.0,2.0,3.0,3.0,5.0,8.0,7.0,4.0,2.0,9.0,3.0,0,0,1.0,2.0,1.0,1.0,0,2.0,0,0,0,3.0,7.0,7.0,18.0,11.0,7.0,7.0,6.0,9.0,9.0,4.0,0,0,1.0,1.0,0,0,1.0,0,0,1.0,0,0,0,3.0,0,0,0,0,0,0,2.0,1.0,2.0,9.0,15.0,2.0,3.0,4.0,3.0,1.0,1.0,0,0,1.0,1.0,2.0,0,3.0,7.0,2.0,2.0,1.0,0,0,0,2.0,0,0,2.0,0,0,0,0,0,0,2.0,0,0,0,4.0,0,0,0,0,0,2.0,3.0,0,0,0,0,0,0,3.0,11.0,6.0,25.0,11.0,4.0,6.0,8.0,4.0,8.0,12.0
EXKX4gJ9D6Y,205 SARLAHI,2 Madhesh Province,2,205,0,0,0,0,35.0,18.0,22.0,19.0,27.0,127.0,320.0,97.0,0,0,14.0,22.0,27.0,14.0,44.0,88.0,109.0,0,57.0,49.0,56.0,0,9.0,10.0,8.0,5.0,3.0,45.0,89.0,133.0,0,0,15.0,0,19.0,19.0,15.0,194.0,93.0,1.0,31.0,62.0,0,8.0,12.0,10.0,8.0,2.0,45.0,4.0,10.0,0,0,2.0,3.0,8.0,15.0,20.0,3.0,5.0,134.0,87.0,110.0,0,16.0,9.0,21.0,18.0,10.0,107.0,28.0,36.0,0,0,12.0,9.0,13.0,11.0,5.0,44.0,86.0,0,6.0,0,0,0,1.0,0,0,2.0,4.0,3.0,18.0,0,0,7.0,1.0,8.0,9.0,10.0,21.0,20.0,16.0,0,0,0,2.0,0,6.0,3.0,10.0,10.0,35.0,137.0,0,65.0,23.0,27.0,35.0,22.0,20.0,0,128.0,17.0
t9XsLKdMwA1,709 KANCHANPUR,7 Sudurpashchim Province,7,709,11.0,0,0,11.0,185.0,9.0,16.0,5.0,31.0,34.0,34.0,7.0,0,0,0,4.0,8.0,17.0,13.0,38.0,12.0,10.0,0,0,0,0,0,4.0,0,0,0,8.0,5.0,0,0,11.0,9.0,0,0,6.0,10.0,14.0,14.0,18.0,0,0,0,0,0,0,0,2.0,0,1.0,0,0,0,0,2.0,1.0,6.0,0,0,2.0,6.0,1.0,0,7.0,2.0,8.0,0,0,0,12.0,15.0,0,0,0,1.0,0,0,7.0,0,3.0,10.0,8.0,0,0,0,0,0,0,0,0,0,0,0,0,0,0,0,0,0,0,0,0,7.0,0,0,0,0,1.0,0,0,0,0,1.0,2.0,0,8.0,9.0,5.0,0,19.0,5.0,22.0,18.0,77.0
HfIRB3HRHvk,307 BHAKTAPUR,3 Bagmati Province,3,307,2.0,2.0,0,0,1.0,4.0,1.0,12.0,1.0,3.0,2.0,0,0,2.0,0,0,1.0,4.0,0,1.0,0,0,4.0,0,0,0,0,0,0,0,0,0,1.0,3.0,1.0,0,0,6.0,1.0,0,2.0,3.0,1.0,4.0,0,2.0,54.0,0,0,0,2.0,0,1.0,0,0,0,0,1.0,0,1.0,4.0,0,2.0,0,1.0,2.0,0,3.0,1.0,1.0,2.0,2.0,0,3.0,0,0,0,0,0,1.0,2.0,0,1.0,0,2.0,1.0,0,0,0,0,0,2.0,0,0,0,3.0,2.0,0,0,0,0,0,2.0,0,0,0,3.0,0,0,0,0,0,0,0,0,0,3.0,0,2.0,0,0,0,1.0,2.0,2.0,5.0,1.0,14.0
hasbXH0dTqM,106 BHOJPUR,1 Koshi Province,1,106,7.0,6.0,10.0,3.0,7.0,8.0,2.0,4.0,9.0,5.0,9.0,6.0,10.0,5.0,7.0,4.0,4.0,3.0,6.0,1.0,4.0,0,2.0,0,0,1.0,0,0,2.0,1.0,0,1.0,2.0,6.0,10.0,0,4.0,5.0,6.0,4.0,2.0,5.0,7.0,12.0,1.0,0,0,0,0,1.0,0,0,0,4.0,0,2.0,1.0,1.0,0,0,0,0,0,19.0,5.0,3.0,8.0,4.0,5.0,15.0,3.0,2.0,3.0,10.0,5.0,0,1.0,0,1.0,2.0,2.0,0,0,2.0,3.0,5.0,0,0,1.0,0,0,0,0,1.0,0,2.0,0,2.0,0,0,2.0,0,0,0,1.0,0,26.0,0,0,0,0,0,0,0,0,1.0,1.0,11.0,7.0,6.0,6.0,2.0,4.0,5.0,7.0,4.0,7.0,65.0
P53hVYydxdc,607 JAJARKOT,6 Karnali Province,6,607,3.0,1.0,0,1.0,15.0,2.0,5.0,5.0,0,8.0,0,1.0,0,2.0,3.0,3.0,2.0,1.0,2.0,2.0,3.0,2.0,2.0,0,0,0,8.0,1.0,3.0,1.0,0,3.0,0,0,6.0,5.0,0,1.0,60.0,4.0,5.0,1.0,15.0,2.0,1.0,0,0,0,0,0,3.0,0,5.0,0,0,0,0,0,0,0,3.0,1.0,0,0,5.0,0,0,0,15.0,0,5.0,4.0,2.0,4.0,2.0,0,0,1.0,1.0,0,0,1.0,0,0,0,0,0,0,0,0,0,0,5.0,1.0,0,0,0,0,0,0,0,1.0,5.0,0,0,0,0,0,0,0,0,0,0,2.0,0,0,0,10.0,3.0,4.0,2.0,2.0,4.0,5.0,9.0,0,4.0,14.0
bWmwn3sMsG0,506 PALPA,5 Lumbini Province,5,506,52.0,77.0,69.0,72.0,38.0,32.0,70.0,75.0,4.0,47.0,41.0,36.0,47.0,64.0,51.0,112.0,77.0,66.0,3.0,58.0,67.0,43.0,17.0,4.0,29.0,12.0,27.0,22.0,12.0,18.0,0,5.0,5.0,74.0,82.0,79.0,62.0,144.0,50.0,58.0,16.0,67.0,92.0,57.0,2.0,2.0,14.0,10.0,5.0,15.0,17.0,0,4.0,3.0,1.0,0,2.0,16.0,2.0,4.0,3.0,4.0,1.0,1.0,35.0,27.0,42.0,39.0,48.0,48.0,47.0,34.0,2.0,28.0,23.0,8.0,23.0,33.0,14.0,86.0,27.0,32.0,60.0,22.0,21.0,23.0,0,1.0,2.0,1.0,0,0,1.0,0,0,0,3.0,2.0,1.0,0,15.0,1.0,2.0,0,3.0,3.0,3.0,1.0,1.0,3.0,0,2.0,0,0,0,0,0,48.0,78.0,67.0,62.0,70.0,53.0,72.0,7.0,95.0,50.0,238.0
RSAZqrdfXy5,708 KAILALI,7 Sudurpashchim Province,7,708,25.0,16.0,10.0,1.0,0,8.0,6.0,12.0,0,15.0,16.0,14.0,16.0,6.0,0,3.0,1.0,2.0,3.0,7.0,3.0,3.0,14.0,3.0,28.0,0,2.0,0,1.0,2.0,6.0,0,0,65.0,36.0,14.0,12.0,1.0,0,1.0,5.0,19.0,1.0,6.0,6.0,1.0,0,0,0,0,6.0,0,0,0,9.0,1.0,9.0,0,0,0,0,0,13.0,25.0,26.0,9.0,16.0,0,2.0,3.0,2.0,0,0,1.0,17.0,2.0,22.0,0,0,2.0,8.0,1.0,0,55.0,0,3.0,0,1.0,20.0,0,0,0,1.0,0,0,6.0,0,3.0,1.0,0,0,9.0,0,0,3.0,0,0,0,0,4.0,2.0,0,0,0,0,0,0,56.0,47.0,2.0,1.0,0,9.0,0,0,3.0,23.0,54.0
PdRpVxkVd9a,511 BANKE,5 Lumbini Province,5,511,0,0,0,0,0,0,0,0,50.0,15.0,0,0,0,0,0,0,0,0,3.0,13.0,6.0,11.0,0,0,0,0,2.0,0,0,0,0,1.0,0,0,0,0,0,0,0,0,2.0,12.0,26.0,16.0,0,0,0,0,0,0,0,0,3.0,0,0,0,0,0,0,0,0,0,0,0,0,0,0,0,0,0,0,0,0,2.0,0,0,0,0,0,0,0,0,1.0,0,5.0,0,0,0,0,0,0,0,0,0,0,0,0,0,0,0,6.0,0,0,0,0,0,0,0,0,0,0,0,0,0,0,0,0,2.0,0,0,3.0,1.0,0,1.0,0,24.0,0,31.0
BITtrV4c0xf,608 RUKUM WEST,6 Karnali Province,6,608,5.0,5.0,4.0,9.0,5.0,11.0,6.0,2.0,4.0,31.0,6.0,1.0,6.0,5.0,7.0,0,9.0,7.0,21.0,3.0,65.0,13.0,0,2.0,5.0,0,0,3.0,0,2.0,2.0,0,2.0,7.0,25.0,10.0,5.0,13.0,11.0,19.0,6.0,43.0,69.0,11.0,0,3.0,0,0,1.0,1.0,0,0,0,0,0,4.0,6.0,0,0,0,0,0,0,0,0,3.0,0,4.0,4.0,5.0,9.0,3.0,2.0,6.0,4.0,0,3.0,1.0,3.0,1.0,0,9.0,2.0,1.0,5.0,3.0,0,0,2.0,0,0,0,1.0,0,0,0,0,0,0,2.0,0,0,0,0,0,0,1.0,0,0,0,3.0,0,2.0,0,0,0,0,8.0,6.0,10.0,8.0,18.0,11.0,14.0,27.0,7.0,41.0,82.0
xGQwwqLQ819,502 ROLPA,5 Lumbini Province,5,502,1.0,7.0,2.0,6.0,13.0,7.0,15.0,12.0,7.0,3.0,6.0,3.0,9.0,3.0,4.0,2.0,16.0,10.0,10.0,4.0,20.0,4.0,0,0,0,5.0,1.0,0,1.0,0,0,1.0,2.0,7.0,10.0,10.0,4.0,15.0,17.0,161.0,21.0,11.0,18.0,14.0,0,1.0,0,0,0,0,1.0,1.0,1.0,0,0,0,0,0,0,0,0,0,0,0,1.0,0,1.0,4.0,1.0,2.0,8.0,6.0,8.0,16.0,5.0,0,2.0,3.0,0,1.0,6.0,0,5.0,2.0,2.0,3.0,0,0,0,1.0,3.0,5.0,0,0,0,0,0,0,0,1.0,0,1.0,0,0,0,0,4.0,0,0,0,0,0,1.0,0,0,1.0,0,1.0,5.0,8.0,21.0,8.0,31.0,27.0,33.0,15.0,9.0,37.0
PUPCyKcUwlS,201 SAPTARI,2 Madhesh Province,2,201,4.0,0,171.0,0,0,0,16.0,31.0,118.0,23.0,19.0,0,14.0,393.0,0,0,0,18.0,49.0,75.0,18.0,0,15.0,5.0,158.0,0,3.0,0,2.0,7.0,72.0,8.0,13.0,20.0,8.0,11.0,0,0,1.0,16.0,105.0,26.0,18.0,31.0,7.0,6.0,0,0,0,0,3.0,32.0,19.0,12.0,5.0,6.0,0,0,0,0,3.0,61.0,18.0,0,37.0,0,8.0,24.0,0,0,4.0,19.0,3.0,11.0,16.0,10.0,14.0,3.0,0,0,0,23.0,107.0,81.0,15.0,0,5.0,6.0,0,0,0,0,1.0,80.0,18.0,1.0,0,5.0,0,4.0,0,0,9.0,114.0,1.0,67.0,0,6.0,6.0,0,0,0,0,2.0,34.0,69.0,5.0,20.0,0,0,6.0,0,0,6.0,44.0,25.0,13.0,99.0
YnUoe8z0OJY,401 GORKHA,4 Gandaki Province,4,401,23.0,22.0,5.0,12.0,11.0,18.0,22.0,20.0,26.0,19.0,9.0,16.0,13.0,5.0,6.0,12.0,3.0,20.0,10.0,11.0,23.0,5.0,5.0,3.0,1.0,0,6.0,3.0,5.0,3.0,5.0,1.0,11.0,13.0,9.0,14.0,13.0,13.0,28.0,11.0,5.0,15.0,10.0,12.0,3.0,1.0,5.0,2.0,2.0,2.0,0,0,0,2.0,0,0,0,0,0,1.0,3.0,0,0,0,6.0,11.0,7.0,12.0,19.0,32.0,12.0,6.0,12.0,5.0,1.0,2.0,2.0,14.0,6.0,4.0,3.0,2.0,0,3.0,7.0,2.0,0,0,0,0,0,0,0,0,0,0,2.0,0,8.0,0,2.0,0,0,1.0,0,0,1.0,0,0,8.0,0,1.0,0,0,0,0,0,14.0,21.0,9.0,13.0,16.0,16.0,12.0,15.0,30.0,21.0,56.0
N7ioObCpMP3,503 PYUTHAN,5 Lumbini Province,5,503,0,3.0,2.0,5.0,3.0,2.0,2.0,4.0,3.0,4.0,243.0,2.0,1.0,3.0,1.0,1.0,1.0,3.0,5.0,4.0,11.0,46.0,2.0,0,0,0,0,1.0,0,0,0,0,0,3.0,1.0,1.0,5.0,6.0,3.0,2.0,6.0,3.0,6.0,45.0,0,0,0,0,0,0,0,0,0,0,2.0,0,0,0,0,0,0,0,0,0,0,3.0,0,3.0,1.0,1.0,1.0,0,1.0,0,3.0,2.0,0,0,0,2.0,2.0,2.0,0,1.0,8.0,11.0,0,0,0,0,0,0,0,0,0,2.0,0,0,0,0,0,0,0,0,0,0,1.0,0,0,0,0,0,0,0,0,0,0,4.0,7.0,3.0,12.0,5.0,3.0,2.0,7.0,4.0,58.0,109.0
mMGyx6JG7wj,311 SINDHULI,3 Bagmati Province,3,311,22.0,5.0,8.0,51.0,24.0,57.0,45.0,47.0,83.0,74.0,61.0,13.0,2.0,9.0,31.0,22.0,69.0,25.0,29.0,59.0,64.0,44.0,2.0,2.0,9.0,2.0,6.0,2.0,19.0,11.0,18.0,16.0,33.0,32.0,12.0,19.0,31.0,34.0,58.0,31.0,52.0,74.0,74.0,46.0,1.0,0,1.0,5.0,5.0,2.0,5.0,0,0,6.0,0,0,0,1.0,0,0,0,0,0,1.0,48.0,25.0,4.0,25.0,9.0,30.0,17.0,35.0,36.0,32.0,47.0,22.0,5.0,5.0,1.0,4.0,27.0,8.0,28.0,39.0,9.0,24.0,0,0,0,0,0,3.0,2.0,1.0,9.0,8.0,2.0,0,0,2.0,0,0,1.0,2.0,7.0,11.0,2.0,0,0,1.0,0,1.0,2.0,0,3.0,10.0,13.0,41.0,12.0,13.0,36.0,14.0,49.0,37.0,45.0,65.0,107.0,268.0
IOHIfpVUJGp,301 DOLAKHA,3 Bagmati Province,3,301,17.0,11.0,14.0,6.0,5.0,10.0,6.0,12.0,13.0,8.0,5.0,7.0,5.0,12.0,7.0,1.0,8.0,0,5.0,9.0,9.0,9.0,0,2.0,2.0,2.0,3.0,2.0,0,0,3.0,5.0,1.0,5.0,10.0,7.0,9.0,6.0,2.0,7.0,16.0,4.0,3.0,4.0,0,1.0,0,4.0,5.0,0,1.0,5.0,0,0,0,0,0,0,2.0,0,0,2.0,0,1.0,3.0,6.0,9.0,6.0,4.0,9.0,3.0,4.0,2.0,2.0,4.0,7.0,7.0,3.0,2.0,0,2.0,1.0,5.0,2.0,2.0,0,0,0,0,0,0,0,0,5.0,0,0,4.0,0,0,0,0,0,1.0,10.0,2.0,9.0,2.0,0,0,0,0,0,0,0,9.0,0,0,9.0,16.0,17.0,6.0,9.0,11.0,3.0,6.0,11.0,5.0,27.0
l8tZrJ55yzg,408 NAWALPARASI EAST,4 Gandaki Province,4,408,34.0,59.0,4.0,1.0,43.0,9.0,91.0,120.0,137.0,140.0,159.0,12.0,22.0,4.0,19.0,0,53.0,90.0,63.0,103.0,52.0,88.0,14.0,10.0,1.0,0,48.0,24.0,22.0,57.0,30.0,41.0,48.0,34.0,13.0,4.0,3.0,29.0,78.0,68.0,83.0,136.0,111.0,104.0,3.0,3.0,0,6.0,14.0,19.0,27.0,16.0,39.0,32.0,0,1.0,0,3.0,6.0,12.0,5.0,11.0,5.0,9.0,31.0,39.0,1.0,0,1.0,58.0,60.0,106.0,47.0,109.0,84.0,13.0,17.0,1.0,0,2.0,45.0,25.0,40.0,50.0,56.0,43.0,0,0,0,1.0,0,6.0,0,4.0,2.0,14.0,2.0,2.0,0,2.0,3.0,10.0,8.0,25.0,16.0,25.0,7.0,5.0,5.0,0,0,0,5.0,2.0,1.0,10.0,8.0,49.0,41.0,5.0,9.0,44.0,65.0,101.0,106.0,164.0,141.0,474.0
ZIo35uAAfZo,406 LAMJUNG,4 Gandaki Province,4,406,17.0,52.0,17.0,18.0,15.0,9.0,3.0,16.0,4.0,14.0,19.0,22.0,7.0,9.0,11.0,8.0,7.0,15.0,6.0,31.0,12.0,23.0,1.0,2.0,6.0,7.0,1.0,7.0,6.0,4.0,11.0,5.0,3.0,16.0,20.0,20.0,24.0,8.0,6.0,26.0,7.0,11.0,15.0,16.0,6.0,0,2.0,0,2.0,0,2.0,1.0,0,1.0,1.0,0,0,0,0,1.0,0,0,0,0,5.0,33.0,13.0,16.0,7.0,6.0,6.0,9.0,5.0,4.0,5.0,8.0,2.0,5.0,3.0,3.0,0,11.0,1.0,3.0,10.0,7.0,6.0,0,2.0,0,0,0,0,0,0,0,0,4.0,2.0,0,1.0,1.0,2.0,0,0,4.0,0,8.0,0,0,0,0,0,0,0,0,0,22.0,20.0,14.0,18.0,12.0,8.0,12.0,5.0,18.0,10.0,66.0
VoOb1wMwKp0,110 ILAM,1 Koshi Province,1,110,0,0,2.0,1.0,2.0,2.0,0,3.0,1.0,8.0,20.0,0,2.0,0,1.0,0,0,0,0,0,12.0,0,0,0,2.0,0,1.0,0,0,0,0,0,30.0,0,1.0,1.0,0,0,0,0,0,7.0,3.0,39.0,0,0,0,0,0,0,0,0,10.0,15.0,0,0,0,0,0,0,0,2.0,0,18.0,4.0,1.0,0,0,0,4.0,0,0,1.0,6.0,18.0,0,1.0,0,0,0,0,0,0,0,15.0,0,0,0,0,2.0,0,0,0,0,0,7.0,0,0,0,0,0,0,0,0,0,2.0,13.0,0,0,0,0,0,0,0,8.0,0,11.0,0,1.0,0,0,0,1.0,0,0,2.0,0,156.0
A3TeVhjjS2u,411 BAGLUNG,4 Gandaki Province,4,411,8.0,19.0,12.0,28.0,14.0,29.0,19.0,18.0,21.0,20.0,13.0,8.0,14.0,6.0,11.0,6.0,10.0,12.0,7.0,16.0,13.0,7.0,1.0,2.0,1.0,2.0,4.0,5.0,5.0,0,0,0,2.0,14.0,14.0,10.0,16.0,14.0,23.0,17.0,23.0,26.0,17.0,14.0,2.0,1.0,0,2.0,0,18.0,0,0,0,0,1.0,1.0,0,0,0,0,0,0,0,1.0,2.0,10.0,13.0,7.0,7.0,20.0,17.0,7.0,3.0,6.0,6.0,3.0,5.0,3.0,7.0,11.0,4.0,2.0,11.0,1.0,4.0,3.0,0,1.0,1.0,0,0,0,0,0,0,0,0,2.0,1.0,0,4.0,0,1.0,0,1.0,1.0,0,0,2.0,1.0,0,0,0,3.0,0,0,0,16.0,26.0,22.0,10.0,9.0,24.0,26.0,25.0,9.0,21.0,48.0
SJQ2e9HUvaG,605 KALIKOT,6 Karnali Province,6,605,2.0,2.0,0,0,0,0,0,0,1.0,1.0,2.0,0,0,0,0,1.0,0,2.0,1.0,1.0,2.0,8.0,0,0,0,0,0,1.0,0,1.0,0,0,0,2.0,1.0,0,1.0,1.0,2.0,0,1.0,8.0,3.0,18.0,0,0,0,1.0,0,0,0,0,0,1.0,0,0,0,10.0,0,0,0,0,0,0,0,0,0,1.0,0,3.0,0,0,4.0,0,0,0,0,0,0,0,1.0,0,0,0,0,0,0,0,0,0,0,0,0,0,0,0,0,2.0,0,0,0,0,1.0,0,0,0,4.0,0,0,0,0,0,0,0,0,0,0,0,3.0,2.0,1.0,2.0,1.0,1.0,2.0,2.0,1.0,60.0
D51gR5DC5vt,604 JUMLA,6 Karnali Province,6,604,0,2.0,1.0,0,1.0,1.0,0,5.0,0,3.0,0,0,3.0,0,0,0,1.0,0,0,1.0,0,0,0,0,1.0,0,0,0,0,0,0,6.0,0,0,0,0,0,5.0,0,0,3.0,3.0,0,0,0,0,0,0.0,0,0,1.0,0,0,0,0,0,0,0,0,0,0,0,0,0,0,0,1.0,0,0,0,2.0,2.0,0,1.0,1.0,0,0,0,0,0,0,0,0,0,0,0,0,0,0,0,0,0,0,0,0,0,0,0,0,0,0,0,0,0,0,0,0,0,0,0,0,0,0,0,0,0,0,0,0,0,0,3.0,1.0,0,0,7.0,5.0,0
eW2b8SUYRWt,107 DHANKUTA,1 Koshi Province,1,107,5.0,2.0,4.0,3.0,4.0,1.0,2.0,1.0,3.0,5.0,10.0,9.0,4.0,5.0,3.0,3.0,1.0,4.0,2.0,3.0,0,1.0,1.0,0,1.0,1.0,2.0,0,0,2.0,2.0,0,19.0,7.0,8.0,3.0,5.0,5.0,7.0,4.0,0,2.0,5.0,6.0,0,0,0,1.0,0,0,1.0,0,0,8.0,0,10.0,0,0,0,0,0,0,0,4.0,1.0,7.0,2.0,4.0,1.0,4.0,3.0,3.0,2.0,4.0,0,3.0,0,0,0,0,0,0,0,0,0,1.0,0,0,0,0,0,0,0,0,0,8.0,1.0,0,0,0,1.0,0,0,0,0,0,0,0,0,0,0,0,0,0,0,0,0,3.0,3.0,12.0,1.0,2.0,8.0,5.0,3.0,2.0,3.0,10.0
Wep3D4POB3H,103 SOLUKHUMBU,1 Koshi Province,1,103,5.0,5.0,10.0,3.0,10.0,12.0,6.0,13.0,16.0,9.0,7.0,1.0,2.0,0,3.0,7.0,7.0,8.0,1.0,7.0,16.0,7.0,0,1.0,2.0,2.0,2.0,0,1.0,3.0,1.0,1.0,0,11.0,8.0,6.0,7.0,10.0,12.0,2.0,9.0,16.0,11.0,10.0,1.0,0,0,0,1.0,0,1.0,0,1.0,0,0,0,0,0,0,0,0,0,0,0,6.0,6.0,2.0,0,19.0,3.0,1.0,4.0,2.0,6.0,8.0,1.0,3.0,2.0,1.0,2.0,1.0,3.0,3.0,0,2.0,3.0,0,2.0,0,0,1.0,4.0,0,0,10.0,0,0,0,0,1.0,2.0,0,0,0,0,2.0,5.0,0,0,0,0,0,0,0,1.0,0,1.0,19.0,6.0,10.0,8.0,4.0,9.0,1.0,7.0,28.0,4.0,71.0
uyGkoQ4F9rT,705 DADELDHURA,7 Sudurpashchim Province,7,705,3.0,4.0,8.0,8.0,0,3.0,0,4.0,1.0,7.0,10.0,5.0,6.0,2.0,9.0,1.0,0,0,0,8.0,5.0,2.0,6.0,2.0,1.0,1.0,0,0,0,0,0,1.0,1.0,12.0,7.0,10.0,15.0,1.0,0,0,4.0,3.0,12.0,5.0,0,0,0,0,0,0,0,0,2.0,0,0,0,0,0,0,0,0,1.0,0,7.0,9.0,2.0,9.0,2.0,4.0,0,0,0,3.0,0,1.0,0,0,2.0,0,0,1.0,2.0,0,1.0,9.0,0,0,0,0,0,0,0,0,0,0,0,0,0,0,3.0,0,0,0,0,0,0,12.0,0,0,16.0,0,0,0,0,0,0,0,8.0,8.0,10.0,6.0,1.0,2.0,1.0,6.0,14.0,14.0,19.0
U8Rk7sYzFmK,302 SINDHUPALCHOK,3 Bagmati Province,3,302,18.0,18.0,9.0,11.0,14.0,16.0,18.0,7.0,9.0,30.0,24.0,8.0,1.0,2.0,7.0,5.0,9.0,11.0,37.0,15.0,43.0,16.0,0,4.0,3.0,1.0,2.0,7.0,1.0,0,0,3.0,3.0,22.0,5.0,4.0,7.0,11.0,13.0,9.0,8.0,16.0,14.0,41.0,0,3.0,1.0,0,0,1.0,0,18.0,1.0,3.0,5.0,2.0,0,14.0,0,0,0,0,0,0,9.0,7.0,1.0,4.0,16.0,7.0,3.0,6.0,16.0,6.0,24.0,6.0,1.0,2.0,0,2.0,2.0,3.0,4.0,4.0,6.0,6.0,0,0,0,0,0,0,2.0,0,1.0,1.0,1.0,0,0,0,1.0,0,3.0,2.0,1.0,6.0,0,2.0,4.0,1.0,0,0,0,0,0,0,1.0,19.0,7.0,19.0,12.0,19.0,11.0,16.0,18.0,11.0,24.0,93.0
ZVmULoI6vcV,309 KAVREPALANCHOK,3 Bagmati Province,3,309,13.0,9.0,14.0,19.0,22.0,8.0,7.0,7.0,19.0,9.0,27.0,16.0,8.0,12.0,11.0,18.0,5.0,12.0,2.0,13.0,11.0,8.0,2.0,3.0,0,1.0,3.0,2.0,3.0,3.0,1.0,1.0,27.0,26.0,8.0,33.0,14.0,30.0,20.0,9.0,8.0,15.0,7.0,17.0,0,1.0,0,1.0,3.0,2.0,3.0,4.0,1.0,1.0,0,0,2.0,0,0,0,0,2.0,0,0,3.0,5.0,0,3.0,1.0,2.0,7.0,4.0,2.0,6.0,30.0,0,7.0,0,1.0,7.0,15.0,3.0,17.0,2.0,9.0,5.0,0,0,0,5.0,0,0,0,0,0,1.0,2.0,0,0,0,9.0,0,1.0,0,0,4.0,1.0,0,0,0,0,0,0,5.0,21.0,0,1.0,17.0,18.0,20.0,8.0,23.0,27.0,11.0,10.0,8.0,12.0,45.0
Yacp1fLlWut,402 MANANG,4 Gandaki Province,4,402,0,4.0,0,0,0,4.0,0,1.0,0,0,0,0,0,0,0,0,0,0,0,0,0,0,0,0,0,0,0,0,0,0,0,0,0,0,0,0,0,0,0,0,0,0,0,0,0,0,0,0,0,0,0,0,0,0,0,0,0,0,0,0,0,0,0,0,0,0,0,0,0,0,0,0,0,0,0,0,0,0,0,0,0,0,0,0,0,0,0,0,0,0,0,0,0,0,0,0,0,0,0,0,0,0,0,0,0,0,0,0,0,0,0,0,0,0,0,0,0,0,0,0,0,0,1.0,0,0,0,0,0
ewPc6zXy53n,603 HUMLA,6 Karnali Province,6,603,0,0,2.0,0,3.0,0,3.0,0,1.0,0,0,0,0,0,1.0,0,12.0,3.0,0,0,3.0,2.0,0,0,1.0,0,0,0,1.0,0,2.0,0,0,0,0,0,0,0,5.0,0,0,1.0,7.0,2.0,0,0,0,0,1.0,0,0,0,0,0,0,0,0,1.0,0,0,0,0,0,0,0,0,0,0,0,2.0,1.0,0,0,0,0,0,0,0,0,0,5.0,0,0,0,0,0,0,0,0,0,0,0,0,0,0,0,0,0,0,0,0,0,0,0,0,0,0,0,0,0,0,0,0,0,0,0,0,2.0,0,0,0,0,2.0,3.0,1.0,4.0,3.0,8.0
HL5fSUsp2vJ,609 SALYAN,6 Karnali Province,6,609,0,1.0,4.0,2.0,2.0,0,10.0,7.0,7.0,1.0,2.0,0,0,0,0,0,0,2.0,6.0,2.0,5.0,4.0,0,0,0,0,0,2.0,0,3.0,0,0,0,6.0,2.0,4.0,2.0,1.0,3.0,5.0,21.0,4.0,3.0,5.0,0,0,0,0,0,0,0,0,0,0,0,0,9.0,0,0,0,0,0,0,0,0,2.0,0,0,8.0,2.0,0,0,0,0,4.0,0,0,0,0,1.0,0,3.0,1.0,0,1.0,1.0,0,0,0,0,0,0,0,0,0,0,0,0,0,0,0,0,0,0,0,1.0,0,0,0,0,0,2.0,0,0,0,0,0,2.0,2.0,1.0,4.0,1.0,1.0,5.0,2.0,9.0,8.0,34.0
Iqy9A4jXY9l,409 SYANGJA,4 Gandaki Province,4,409,3.0,37.0,29.0,23.0,26.0,20.0,20.0,20.0,27.0,31.0,40.0,14.0,55.0,63.0,13.0,30.0,30.0,30.0,49.0,27.0,13.0,21.0,3.0,0,2.0,15.0,12.0,3.0,4.0,7.0,19.0,8.0,16.0,10.0,50.0,44.0,25.0,42.0,45.0,19.0,66.0,27.0,29.0,39.0,1.0,3.0,9.0,3.0,0,7.0,6.0,0,3.0,4.0,0,0,0,0,0,1.0,2.0,2.0,0,0,10.0,10.0,21.0,44.0,17.0,29.0,20.0,10.0,8.0,10.0,36.0,0,16.0,9.0,6.0,22.0,9.0,10.0,11.0,4.0,9.0,8.0,0,0,5.0,0,0,0,0,13.0,0,0,2.0,1.0,1.0,1.0,7.0,4.0,9.0,0,0,3.0,3.0,0,0,5.0,0,0,0,0,0,0,0,30.0,66.0,33.0,38.0,31.0,23.0,24.0,59.0,31.0,31.0,145.0
tSE6ctwvZmP,303 RASUWA,3 Bagmati Province,3,303,2.0,8.0,0,1.0,2.0,1.0,4.0,1.0,3.0,8.0,3.0,7.0,2.0,0,0,1.0,1.0,4.0,0,5.0,2.0,0,0,0,0,1.0,0,0,0,1.0,0,0,0,4.0,1.0,0,2.0,2.0,0,1.0,3.0,6.0,0,1.0,0,0,0,0,0,0,0,6.0,2.0,0,0,0,0,0,0,0,0,0,16.0,22.0,2.0,0,1.0,0,0,0,0,2.0,2.0,0,7.0,0,0,0,0,1.0,2.0,0,1.0,2.0,4.0,0,0,0,0,0,0,0,0,3.0,0,0,0,0,0,0,2.0,0,0,0,0,2.0,0,0,0,0,0,0,0,0,9.0,0,0,3.0,0,0,1.0,1.0,1.0,2.0,3.0,5.0,1.0,11.0
RZxElQxEbZN,601 DOLPA,6 Karnali Province,6,601,0,0,0,0,2.0,0,0,0,1.0,1.0,0,0,0,0,0,0,3.0,0,1.0,2.0,0,0,0,0,0,10.0,0,0,0,0,0,0,0,3.0,0,1.0,0,0,0,0,1.0,6.0,2.0,1.0,1.0,0,0,0,0,0,0,0,0,0,0,0,0,0,0,0,0,0,0,0,0,0,0,0,6.0,0,0,0,0,0,0,0,0,0,0,0,0,0,0,0,0,0,0,0,0,0,0,0,0,0,0,0,0,0,0,0,0,0,0,0,0,0,0,0,0,0,0,0,0,0,0,0,0,5.0,1.0,0,0,4.0,0,0,0,0,0,1.0
HkwA8YQgJK6,706 DOTI,7 Sudurpashchim Province,7,706,3.0,6.0,8.0,7.0,1.0,13.0,5.0,5.0,6.0,8.0,0,1.0,2.0,3.0,5.0,0,10.0,2.0,2.0,0,4.0,0,0,2.0,3.0,0,0,3.0,0,0,2.0,0,2.0,1.0,9.0,4.0,3.0,6.0,2.0,3.0,2.0,4.0,2.0,2.0,1.0,1.0,0,3.0,2.0,0,0,9.0,0,4.0,1.0,0,0,0,0,0,0,0,0,6.0,2.0,1.0,4.0,6.0,0,6.0,2.0,1.0,0,3.0,2.0,0,3.0,4.0,2.0,0,2.0,0,0,0,1.0,0,0,0,0,0,0,0,0,0,0,0,0,0,1.0,2.0,0,0,0,0,6.0,0,2.0,0,0,1.0,0,0,0,0,0,0,0,2.0,4.0,4.0,15.0,2.0,3.0,17.0,0,0,6.0,8.0
j4HVtKmVtwQ,207 BARA,2 Madhesh Province,2,207,16.0,49.0,26.0,21.0,0,39.0,1.0,69.0,180.0,48.0,51.0,16.0,21.0,10.0,17.0,0,19.0,45.0,13.0,41.0,57.0,33.0,0,5.0,3.0,32.0,9.0,19.0,0,4.0,70.0,17.0,16.0,35.0,40.0,0,29.0,26.0,28.0,0,20.0,35.0,0,50.0,1.0,1.0,1.0,4.0,5.0,11.0,24.0,47.0,12.0,5.0,12.0,0,3.0,1.0,6.0,3.0,16.0,21.0,1.0,4.0,0,0,26.0,25.0,10.0,141.0,0,33.0,157.0,25.0,16.0,16.0,22.0,7.0,9.0,16.0,13.0,11.0,48.0,18.0,0,23.0,1.0,2.0,2.0,0,2.0,2.0,11.0,8.0,3.0,0,0,4.0,4.0,4.0,0,0,7.0,12.0,6.0,16.0,23.0,4.0,3.0,4.0,0,4.0,4.0,3.0,8.0,0,4.0,21.0,30.0,28.0,34.0,9.0,33.0,43.0,7.0,0,59.0,149.0
yP2GELa6inf,509 KAPILBASTU,5 Lumbini Province,5,509,13.0,3.0,55.0,29.0,0,6.0,0,0,1.0,2.0,0,3.0,59.0,45.0,0,1.0,4.0,0,0,0,0,3.0,0,1.0,14.0,8.0,0,5.0,6.0,0,0,0,0,5.0,84.0,49.0,0,1.0,77.0,0,0,0,0,2.0,0,10.0,4.0,0,7.0,0,0,0,0,1.0,0,9.0,4.0,0,0,3.0,0,14.0,0,0,2.0,2.0,21.0,21.0,1.0,5.0,0,0,0,6.0,0,0,37.0,30.0,0,0,0,0,0,0,0,0,0,3.0,3.0,0,0,0,0,5.0,0,0,0,13.0,8.0,1.0,0,0,2.0,0,0,0,0,0,5.0,2.0,0,0,0,0,0,0,0,52.0,108.0,38.0,18.0,2.0,0,0,0,0,0,5.0
j0gE31YxwHQ,313 CHITWAN,3 Bagmati Province,3,313,34.0,255.0,12.0,16.0,20.0,5.0,25.0,11.0,15.0,13.0,22.0,25.0,1.0,8.0,7.0,9.0,6.0,9.0,38.0,14.0,7.0,2.0,9.0,0,15.0,1.0,8.0,1.0,2.0,8.0,4.0,3.0,4.0,19.0,18.0,18.0,18.0,11.0,6.0,2.0,7.0,13.0,9.0,4.0,0,6.0,0,0,5.0,2.0,2.0,0,5.0,3.0,4.0,0,0,0,6.0,2.0,0,7.0,2.0,1.0,52.0,17.0,10.0,9.0,30.0,16.0,16.0,6.0,12.0,13.0,26.0,10.0,1.0,6.0,1.0,8.0,3.0,2.0,0,5.0,8.0,0,10.0,0,5.0,0,1.0,0,0,2.0,0,3.0,0,0,8.0,0,3.0,2.0,3.0,3.0,4.0,4.0,0,8.0,1.0,0,0,1.0,2.0,0,16.0,1.0,0,18.0,24.0,16.0,11.0,27.0,7.0,8.0,39.0,9.0,13.0,28.0
bjS2Lp3tLxv,510 DANG,5 Lumbini Province,5,510,9.0,11.0,7.0,8.0,9.0,13.0,114.0,124.0,89.0,104.0,191.0,12.0,11.0,7.0,0,0,30.0,78.0,27.0,56.0,82.0,105.0,0,3.0,3.0,1.0,0,0,1.0,28.0,11.0,19.0,35.0,13.0,13.0,21.0,2.0,3.0,35.0,60.0,111.0,70.0,78.0,56.0,1.0,1.0,0,0,0,1.0,16.0,6.0,3.0,8.0,3.0,2.0,0,0,0,0,2.0,6.0,3.0,4.0,1.0,7.0,7.0,0,5.0,1.0,43.0,47.0,25.0,35.0,90.0,4.0,3.0,2.0,4.0,8.0,8.0,51.0,24.0,17.0,59.0,56.0,0,0,2.0,0,0,0,1.0,1.0,1.0,1.0,0,0,0,1.0,3.0,1.0,9.0,2.0,4.0,4.0,19.0,0,0,0,0,2.0,0,8.0,2.0,0,1.0,0,6.0,18.0,3.0,17.0,62.0,72.0,85.0,131.0,132.0,384.0
elOK8Y2b3Qn,306 KATHMANDU,3 Bagmati Province,3,306,25.0,11.0,5.0,6.0,1.0,1.0,21.0,17.0,6.0,5.0,21.0,4.0,17.0,4.0,2.0,3.0,0,3.0,4.0,4.0,0,2.0,12.0,1.0,2.0,0,0,3.0,0,3.0,26.0,4.0,42.0,10.0,4.0,4.0,3.0,1.0,8.0,7.0,0,4.0,4.0,7.0,1.0,0,2.0,0,1.0,0,2.0,0,0,2.0,0,0,0,8.0,1.0,0,0,5.0,0,2.0,5.0,6.0,2.0,3.0,1.0,7.0,6.0,0,0,12.0,2.0,2.0,4.0,7.0,0,0,2.0,6.0,0,3.0,1.0,0,4.0,0,2.0,0,0,0,15.0,0,0,2.0,0,0,8.0,0,0,2.0,0,0,0,39.0,3.0,4.0,4.0,7.0,0,1.0,1.0,171.0,4.0,0,0,7.0,2.0,0,4.0,1.0,6.0,11.0,4.0,6.0,2.0,16.0
A3R7UT64jHf,206 RAUTAHAT,2 Madhesh Province,2,206,87.0,113.0,71.0,98.0,33.0,38.0,21.0,4.0,8.0,0,6.0,73.0,105.0,32.0,84.0,0,13.0,29.0,16.0,84.0,0,1.0,156.0,44.0,130.0,135.0,126.0,0,0,0,2.0,0,2.0,72.0,201.0,49.0,25.0,210.0,67.0,20.0,2.0,103.0,0,3.0,73.0,100.0,44.0,30.0,33.0,13.0,1.0,0,0,0,14.0,118.0,8.0,32.0,40.0,4.0,0,1.0,0,0,156.0,63.0,73.0,143.0,1.0,56.0,20.0,0,0,0,0,53.0,137.0,12.0,89.0,0,4.0,28.0,0,19.0,0,16.0,0,0,4.0,0,0,4.0,0,0,0,0,8.0,13.0,13.0,0,1.0,0,0,0,3.0,0,0,5.0,6.0,2.0,0,0,0,25.0,0,7.0,2.0,0,226.0,46.0,41.0,83.0,52.0,13.0,1.0,130.0,0,24.0
S8J6p6tGXNb,108 TERHATHUM,1 Koshi Province,1,108,2.0,2.0,2.0,5.0,1.0,1.0,0,1.0,7.0,8.0,3.0,0,2.0,11.0,5.0,2.0,33.0,1.0,2.0,4.0,0,0,4.0,0,0,0,0,1.0,0,0,0,0,0,1.0,0,12.0,1.0,11.0,1.0,3.0,1.0,4.0,5.0,2.0,0,0,0,0,0,0,0,0,0,0,0,0,0,0,0,0,0,0,0,0,2.0,2.0,2.0,1.0,3.0,1.0,0,1.0,0,4.0,2.0,1.0,0,7.0,0,2.0,1.0,4.0,0,0,0,0,0,0,0,0,0,0,0,0,2.0,0,0,1.0,0,0,0,0,1.0,0,0,0,0,0,0,0,0,0,2.0,0,0,0,0,4.0,16.0,8.0,3.0,1.0,1.0,1.0,5.0,3.0,0,6.0
cMWLZfK0O4z,505 ARGHAKHANCHI,5 Lumbini Province,5,505,10.0,2.0,8.0,2.0,0,0,17.0,0,2.0,8.0,1.0,4.0,7.0,5.0,5.0,2.0,2.0,4.0,1.0,0,2.0,0,0,0,1.0,2.0,0,1.0,0,0,0,1.0,0,5.0,11.0,13.0,24.0,2.0,6.0,6.0,4.0,2.0,3.0,0,0,0,0,1.0,0,0,0,0,0,0,0,0,0,0,0,0,0,0,0,0,2.0,2.0,18.0,21.0,1.0,0,15.0,4.0,1.0,0,4.0,0,7.0,5.0,2.0,1.0,0,8.0,0,0,1.0,1.0,0,8.0,12.0,0,0,0,0,0,0,0,0,6.0,0,0,0,0,0,0,0,0,0,0,7.0,0,4.0,0,0,0,0,0,0,2.0,28.0,21.0,8.0,2.0,17.0,1.0,3.0,14.0,3.0,5.0
ZULmwVN4Zfv,109 PANCHTHAR,1 Koshi Province,1,109,5.0,3.0,4.0,6.0,1.0,3.0,3.0,0,0,3.0,5.0,1.0,4.0,3.0,3.0,4.0,3.0,2.0,1.0,0,0,0,2.0,0,1.0,0,1.0,1.0,3.0,0,0,3.0,0,6.0,1.0,5.0,5.0,8.0,7.0,3.0,2.0,3.0,4.0,4.0,1.0,0,0,2.0,1.0,0,0,0,0,0,0,0,0,0,0,0,0,0,0,0,0,2.0,3.0,4.0,2.0,3.0,3.0,2.0,1.0,1.0,0,0,1.0,2.0,2.0,1.0,1.0,0,1.0,0,0,2.0,0,0,0,0,0,0,1.0,0,0,0,0,0,0,0,4.0,1.0,0,0,0,0,0,0,2.0,1.0,1.0,1.0,0,0,5.0,0,0,1.0,5.0,6.0,4.0,7.0,3.0,4.0,3.0,1.0,4.0,8.0
JH8RPnwv8kB,308 LALITPUR,3 Bagmati Province,3,308,4.0,10.0,0,3.0,0,3.0,0,0,2.0,4.0,4.0,8.0,0,0,3.0,3.0,1.0,0,0,2.0,2.0,0,2.0,1.0,0,1.0,1.0,1.0,0,0,0,1.0,0,12.0,3.0,2.0,2.0,1.0,0,0,1.0,2.0,2.0,3.0,0,0,0,0,4.0,0,0,0,1.0,0,0,0,0,0,0,1.0,0,2.0,0,0,8.0,6.0,0,1.0,1.0,0,0,1.0,2.0,2.0,2.0,0,0,0,0,0,0,0,10.0,0,0,0,0,0,0,0,0,0,0,0,0,0,2.0,0,0,0,0,0,0,2.0,0,0,1.0,1.0,2.0,0,0,0,0,0,0,0,0,9.0,4.0,4.0,1.0,1.0,2.0,0,0,3.0,1.0,6.0
F5xI4hl77mT,508 RUPANDEHI,5 Lumbini Province,5,508,2.0,6.0,1.0,0,2.0,187.0,166.0,453.0,408.0,36.0,241.0,6.0,0,21.0,0,114.0,223.0,290.0,193.0,0,142.0,102.0,0,1.0,0,0,1.0,40.0,29.0,141.0,31.0,0,62.0,0,2.0,21.0,1.0,298.0,292.0,395.0,368.0,273.0,168.0,223.0,1.0,0,0,0,28.0,38.0,147.0,46.0,0,29.0,0,0,0,0,13.0,18.0,28.0,37.0,0,12.0,14.0,8.0,0,4.0,0,0,110.0,249.0,211.0,0,150.0,0,0,0,0,70.0,134.0,185.0,39.0,3.0,14.0,4.0,33.0,2.0,0,0,5.0,3.0,15.0,8.0,0,0,6.0,0,0,0,38.0,38.0,62.0,34.0,0,13.0,11.0,0,0,0,0,2.0,10.0,13.0,9.0,0,7.0,8.0,0,0,0,4.0,306.0,280.0,361.0,2.0,251.0,706.0
iqLM1XBMxyu,405 KASKI,4 Gandaki Province,4,405,34.0,52.0,50.0,56.0,72.0,78.0,42.0,31.0,63.0,11.0,35.0,40.0,77.0,58.0,68.0,51.0,67.0,66.0,28.0,22.0,60.0,13.0,6.0,7.0,14.0,6.0,16.0,8.0,4.0,10.0,4.0,3.0,10.0,43.0,79.0,57.0,94.0,56.0,93.0,60.0,17.0,27.0,5.0,21.0,8.0,6.0,4.0,5.0,2.0,5.0,2.0,2.0,0,16.0,0,1.0,5.0,7.0,3.0,9.0,0,0,14.0,0,9.0,36.0,29.0,76.0,37.0,55.0,23.0,32.0,4.0,6.0,25.0,16.0,31.0,0,17.0,29.0,48.0,4.0,6.0,0,26.0,13.0,0,1.0,0,4.0,3.0,12.0,1.0,2.0,0,0,4.0,23.0,8.0,0,1.0,13.0,5.0,17.0,4.0,13.0,2.0,1.0,0,1.0,4.0,1.0,11.0,0,0,0,27.0,68.0,78.0,9.0,90.0,127.0,46.0,71.0,37.0,50.0,39.0,171.0
gannbFbizVo,310 RAMECHHAP,3 Bagmati Province,3,310,10.0,10.0,19.0,9.0,5.0,11.0,13.0,9.0,10.0,11.0,5.0,8.0,1.0,4.0,7.0,1.0,4.0,3.0,7.0,7.0,4.0,1.0,1.0,2.0,2.0,0,1.0,2.0,1.0,1.0,0,0,0,2.0,7.0,14.0,13.0,1.0,9.0,8.0,2.0,8.0,11.0,6.0,0,0,0,0,0,0,0,0,1.0,0,0,0,0,0,0,0,0,0,0,0,6.0,6.0,13.0,8.0,2.0,6.0,5.0,3.0,0,1.0,2.0,0,3.0,2.0,0,0,3.0,1.0,1.0,1.0,5.0,0,0,0,0,0,0,1.0,0,1.0,0,0,2.0,0,0,0,1.0,1.0,0,0,1.0,0,0,0,0,0,0,0,0,0,0,0,0,6.0,13.0,3.0,24.0,5.0,12.0,9.0,2.0,2.0,3.0,31.0
NSLL7YIXBJH,704 BAITADI,7 Sudurpashchim Province,7,704,0,2.0,0,1.0,2.0,3.0,0,5.0,3.0,0,2.0,0,0,0,0,0,1.0,3.0,0,2.0,0,8.0,0,0,0,0,1.0,0,0,0,0,0,2.0,4.0,0,1.0,2.0,1.0,1.0,4.0,0,6.0,3.0,15.0,0,2.0,0,0,0,0,0,0,0,0,0,0,0,0,0,0,0,0,0,1.0,1.0,0,0,0,0,0,0,0,0,0,4.0,0,0,0,0,0,0,0,2.0,4.0,1.0,2.0,0,0,0,0,0,0,0,0,0,0,0,0,0,0,1.0,0,1.0,0,0,0,1.0,0,0,0,0,0,0,0,1.0,0,0,2.0,0,0,3.0,0,2.0,4.0,2.0,3.0,2.0,34.0
