organisationunitid,organisationunitname,organisationunitcode,2018-12-31 00:00:00,2019-12-31 00:00:00,2020-12-31 00:00:00,2021-12-31 00:00:00,2022-12-31 00:00:00,2023-12-31 00:00:00,2024-12-31 00:00:00,2025-12-31 00:00:00,district_code
TnT6m8FZEet,10101 Phaktanlung Rural Municipality,10101,12261.0,12283.0,12305.0,11928.0,11951.0,11197.0,11197.0,11197.0,101
gIhVZulvEsV,10102 Mikwakhola Rural Municipality,10102,9311.0,9324.0,9329.0,7995.0,8023.0,7628.0,7628.0,7628.0,101
dcsJaeSXHa6,10103 Meringden Rural Municipality,10103,13705.0,13743.0,13789.0,12046.0,12086.0,11198.0,11198.0,11198.0,101
zce1OaOO6G0,10104 Maiwakhola Rural Municipality,10104,11262.0,11272.0,11288.0,10370.0,10395.0,9730.0,9730.0,9730.0,101
zGGY6Sw9Uuw,10105 Aatharai Tribeni Rural Municipality,10105,14041.0,14065.0,14089.0,12289.0,12298.0,11665.0,11665.0,11665.0,101
gIwoGLpdBl1,10106 Phungling Municipality,10106,27537.0,27613.0,27684.0,28777.0,28732.0,27843.0,27843.0,27843.0,101
FpflD8BqlMO,10107 Yangwarak Rural Municipality,10107,13824.0,13848.0,13869.0,11796.0,11786.0,11215.0,11215.0,11215.0,101
LDhcTMEQwFc,10108 Sirijanga Rural Municipality,10108,16140.0,16166.0,16184.0,14183.0,14185.0,13323.0,13323.0,13323.0,101
xRUd1elou25,10109 Sidingba Rural Municipality,10109,12314.0,12335.0,12353.0,10982.0,10999.0,10388.0,10388.0,10388.0,101
FJI9kFuS86i,10201 Bhotkhola Rural Municipality,10201,6476.0,6454.0,6432.0,6628.0,6729.0,6047.0,6047.0,6047.0,102
hGD6CIUUSxR,10202 Makalu Rural Municipality,10202,13388.0,13338.0,13292.0,15205.0,14950.0,13249.0,13249.0,13249.0,102
X3rzE53ksA1,10203 Silichong Rural Municipality,10203,11633.0,11586.0,11532.0,10463.0,10643.0,9609.0,9609.0,9609.0,102
gZbwskTTWq8,10204 Chichila Rural Municipality,10204,7041.0,7019.0,6997.0,7372.0,7320.0,6494.0,6494.0,6494.0,102
iujDcxElwWs,10205 Sabhapokhari Rural Municipality,10205,10217.0,10172.0,10133.0,10031.0,10194.0,9393.0,9393.0,9393.0,102
XLjQzv0rxIP,10206 Khandabari Municipality,10206,31482.0,31432.0,31356.0,36383.0,36882.0,36387.0,36387.0,36387.0,102
O83QKtwuJWq,10207 Panchakhapan Municipality,10207,17147.0,17077.0,17007.0,16437.0,16728.0,16615.0,16615.0,16615.0,102
SmI574YhzLn,10208 Chainapur Municipality,10208,27089.0,26996.0,26909.0,27149.0,27581.0,27204.0,27204.0,27204.0,102
mQLICcbzzGj,10209 Madi Municipality,10209,14241.0,14190.0,14140.0,13459.0,13667.0,13455.0,13455.0,13455.0,102
Za9amWOWD4I,10210 Dharmadevi Municipality,10210,17869.0,17800.0,17733.0,16341.0,16598.0,16386.0,16386.0,16386.0,102
aCFDSXlmccd,10301 Khumbu Pasanglhamu Rural Municipality,10301,9338.0,9329.0,9327.0,9233.0,9269.0,8624.0,8624.0,8624.0,103
XG7X38Ke2bh,10302 Mahakulung Rural Municipality,10302,11065.0,11000.0,10932.0,11997.0,12164.0,11812.0,11812.0,11812.0,103
dg95KkHSYuU,10303 Sotang Rural Municipality,10303,9185.0,9129.0,9074.0,9269.0,9332.0,8982.0,8982.0,8982.0,103
Xznx7upyyKb,10304 Mapya Dudhkoshi Rural Municipality,10304,12986.0,12910.0,12835.0,12756.0,12839.0,12542.0,12542.0,12542.0,103
pyw6x7rguen,10305 Thulung Dudhkoushi Rural Municipality,10305,18986.0,18864.0,18741.0,18476.0,18574.0,18180.0,18180.0,18180.0,103
BnMyon9qUaj,10306 Necha Salyan Rural Municipality,10306,11827.0,11762.0,11699.0,10834.0,10876.0,11208.0,11208.0,11208.0,103
Vkv9B89Tu0q,10307 Solu Dudhakunda Municipality,10307,24307.0,24187.0,24057.0,26888.0,26991.0,26001.0,26001.0,26001.0,103
UCZF0J5XCSS,10308 Likhu Pike Rural Municipality,10308,5366.0,5336.0,5304.0,5267.0,5298.0,5257.0,5257.0,5257.0,103
Wx8c91bQTKe,10401 Chishankhu Gadhi Rural Municipality,10401,15265.0,15289.0,15302.0,13766.0,13797.0,13360.0,13360.0,13360.0,104
eyOgs1AMLWG,10402 Siddhicharan Municipality,10402,30182.0,30279.0,30390.0,27982.0,28035.0,26788.0,26788.0,26788.0,104
hnu4RFrMbXo,10403 Molung Rural Municipality,10403,16734.0,16767.0,16801.0,16954.0,17032.0,15812.0,15812.0,15812.0,104
n0ICenUQAGj,10404 Khiji Demba Rural Municipality,10404,15697.0,15725.0,15744.0,15878.0,15953.0,15019.0,15019.0,15019.0,104
tmwWqpt7zGE,10405 Likhu Rural Municipality,10405,14097.0,14103.0,14108.0,11940.0,11992.0,11598.0,11598.0,11598.0,104
xh6T1nEbcgU,10406 Champadevi Rural Municipality,10406,18841.0,18862.0,18877.0,16538.0,16611.0,15699.0,15699.0,15699.0,104
DrH1J7KIk4g,10407 Sunkoshi Rural Municipality,10407,18754.0,18772.0,18787.0,18035.0,18105.0,17164.0,17164.0,17164.0,104
jMeH7np95YE,10408 Manebhanjyang Rural Municipality,10408,21583.0,21617.0,21648.0,19896.0,19980.0,19002.0,19002.0,19002.0,104
WuW2eIQKEEM,10501 Kepilasgadhi Rural Municipality,10501,13134.0,12835.0,12537.0,13337.0,13329.0,12064.0,12064.0,12064.0,105
wFTDjO00OIR,10502 Aiselukharka Rural Municipality,10502,13918.0,13597.0,13283.0,13576.0,13550.0,12108.0,12108.0,12108.0,105
BiWa3iUtHtP,10503 Rawabesi Rural Municipality,10503,11508.0,11235.0,10976.0,11214.0,11196.0,10231.0,10231.0,10231.0,105
dbU0Qrz64BG,10504 Halesi Tuwachung Municipality,10504,25476.0,24882.0,24302.0,27266.0,27255.0,26913.0,26913.0,26913.0,105
Fen9qMN7huE,10505 Diktel Rupakot Majhuwagadhi Municipality,10505,42424.0,41520.0,40620.0,43283.0,43218.0,43062.0,43062.0,43062.0,105
PAcfAwNtnry,10506 Sakela Rural Municipality,10506,10050.0,9817.0,9594.0,9602.0,9582.0,8933.0,8933.0,8933.0,105
l6h4020yfj1,10507 Diprung Chuichumma Rural Municipality,10507,17515.0,17121.0,16729.0,16544.0,16532.0,15120.0,15120.0,15120.0,105
UXz6AH8q6LY,10508 Khotehang Rural Municipality,10508,19456.0,19012.0,18581.0,16946.0,16921.0,15351.0,15351.0,15351.0,105
XJcmAfNk3tE,10509 Jante Dhunga Rural Municipality,10509,13457.0,13149.0,12850.0,12064.0,12065.0,11138.0,11138.0,11138.0,105
QVOGCoPM6yb,10510 Baraha Pokhari Rural Municipality,10510,12448.0,12166.0,11888.0,11464.0,11475.0,10545.0,10545.0,10545.0,105
FNsPCtVEyoG,10601 Shadananda Municipality,10601,27662.0,27081.0,26505.0,29771.0,29747.0,29093.0,29093.0,29093.0,106
Aw6XiZcTpyl,10602 Salpa Silichho Rural Municipality,10602,11360.0,11105.0,10858.0,12231.0,12253.0,11501.0,11501.0,11501.0,106
bcA7xbjb8bV,10603 Tyamke Maiyum Rural Municipality,10603,15861.0,15523.0,15192.0,15484.0,15445.0,14515.0,14515.0,14515.0,106
QIsDAg98UTi,10604 Bhojpur Municipality,10604,25328.0,24843.0,24373.0,27295.0,26940.0,26059.0,26059.0,26059.0,106
PPGIT7pWlmR,10605 Arun Rural Municipality,10605,15510.0,15186.0,14856.0,14852.0,14841.0,13882.0,13882.0,13882.0,106
MXHCNv2Axez,10606 Pauwa Dunma Rural Municipality,10606,13574.0,13292.0,13017.0,12169.0,12162.0,11348.0,11348.0,11348.0,106
Shs8ljNaqsQ,10607 Ramprasad Rai Rural Municipality,10607,16505.0,16148.0,15796.0,15632.0,15630.0,14734.0,14734.0,14734.0,106
xGO56QuFIYs,10608 Hatuwagadhi Rural Municipality,10608,17973.0,17599.0,17229.0,16295.0,16263.0,15181.0,15181.0,15181.0,106
REJz6rWHGxN,10609 Aamchowk Rural Municipality,10609,16528.0,16172.0,15827.0,15238.0,15255.0,13981.0,13981.0,13981.0,106
G58bwGWfyhX,10701 Mahalaxmi Municipality,10701,25492.0,25577.0,25657.0,22285.0,22840.0,22426.0,22426.0,22426.0,107
xpZx5iZTcmp,10702 Pakhribas Municipality,10702,22765.0,22860.0,22947.0,19333.0,19813.0,19249.0,19249.0,19249.0,107
taIxmXevJeG,10703 Chhathar Jorpati Rural Municipality,10703,18958.0,19021.0,19087.0,16546.0,16971.0,15893.0,15893.0,15893.0,107
bVEJIxTw9fo,10704 Dhankuta Municipality,10704,41222.0,41474.0,41737.0,36917.0,37795.0,37094.0,37094.0,37094.0,107
r1eAZIkCTv9,10705 Sahidbhumi Rural Municipality,10705,19379.0,19450.0,19517.0,17858.0,18319.0,17116.0,17116.0,17116.0,107
oMeYnk0engn,10706 Sangurigadhi Rural Municipality,10706,22330.0,22424.0,22515.0,19682.0,20175.0,18993.0,18993.0,18993.0,107
cl7skUSvPmj,10707 Chaubise Rural Municipality,10707,19922.0,19997.0,20066.0,17990.0,18445.0,17135.0,17135.0,17135.0,107
jAstzBdFXL6,10801 Aatharai Rural Municipality,10801,21562.0,21520.0,21468.0,18211.0,18224.0,17365.0,17365.0,17365.0,108
FBtbgRuKWDU,10802 Phedap Rural Municipality,10802,17447.0,17402.0,17352.0,15236.0,15242.0,14297.0,14297.0,14297.0,108
cp9IiyIrpjA,10803 Menchhayayem Rural Municipality,10803,8041.0,8025.0,8008.0,6698.0,6701.0,6349.0,6349.0,6349.0,108
QBHBAOyZhcm,10804 Myanglung Municipality,10804,20599.0,20582.0,20573.0,19318.0,19261.0,18735.0,18735.0,18735.0,108
LwXIl5HeCi8,10805 Laligurans Municipality,10805,16873.0,16822.0,16774.0,15420.0,15438.0,15418.0,15418.0,15418.0,108
RYci0bt6jLL,10806 Chhathar Rural Municipality,10806,16513.0,16470.0,16422.0,14245.0,14242.0,13415.0,13415.0,13415.0,108
xPU2FhwKsRf,10901 Yangbarak Rural Municipality,10901,18789.0,18830.0,18858.0,16842.0,16923.0,16148.0,16148.0,16148.0,109
CMLxRNQiEuz,10902 Hilihan Rural Municipality,10902,23495.0,23541.0,23583.0,20552.0,20660.0,18298.0,18298.0,18298.0,109
Jit4hXPt6dE,10903 Falelung Rural Municipality,10903,22363.0,22406.0,22449.0,20546.0,20634.0,19308.0,19308.0,19308.0,109
iXFygpFSP55,10904 Phidim Municipality,10904,52008.0,52155.0,52316.0,49892.0,49818.0,48725.0,48725.0,48725.0,109
YubZ3SsXpMk,10905 Falgunanda Rural Municipality,10905,24756.0,24809.0,24853.0,21266.0,21350.0,20424.0,20424.0,20424.0,109
zLYAl5X1IrN,10906 Kummayak Rural Municipality,10906,16367.0,16395.0,16418.0,13026.0,13067.0,12112.0,12112.0,12112.0,109
f7uSgiSErsd,10907 Tumbewa Rural Municipality,10907,13575.0,13586.0,13593.0,11068.0,11110.0,10775.0,10775.0,10775.0,109
rTNYEQ9kpvZ,10908 Miklajung Rural Municipality,10908,25113.0,25156.0,25202.0,21343.0,21418.0,20209.0,20209.0,20209.0,109
fI2CEJPXuMR,11001 Mai Jogmai Rural Municipality,11001,22349.0,22520.0,22686.0,19333.0,19574.0,18181.0,18181.0,18181.0,110
dVjrEKQVAjU,11002 Sandakpur Rural Municipality,11002,17022.0,17157.0,17288.0,15490.0,15680.0,14831.0,14831.0,14831.0,110
Fg5SMJO2RrG,11003 Ilam Municipality,11003,52675.0,53092.0,53522.0,50565.0,51244.0,50685.0,50685.0,50685.0,110
Tj17nxdNb83,11004 Deumai Municipality,11004,34918.0,35161.0,35396.0,31599.0,32020.0,30875.0,30875.0,30875.0,110
DlmjnZcEmaW,11005 Fakfokathum Rural Municipality,11005,22947.0,23081.0,23215.0,20049.0,20340.0,18890.0,18890.0,18890.0,110
vRXbpkNHDuC,11006 Mangsebung Rural Municipality,11006,19725.0,19840.0,19955.0,16938.0,17205.0,16104.0,16104.0,16104.0,110
BkH14jmtBEy,11007 Chulachuli Rural Municipality,11007,22947.0,23117.0,23285.0,22922.0,23248.0,22659.0,22659.0,22659.0,110
v6VtFYe7zjn,11008 Mai Municipality,11008,35353.0,35587.0,35814.0,31116.0,31590.0,31282.0,31282.0,31282.0,110
wYQGR7E6qQA,11009 Suryodaya Municipality,11009,60486.0,60997.0,61509.0,55565.0,56244.0,54539.0,54539.0,54539.0,110
IDp6QAC1Prv,11010 Rong Rural Municipality,11010,20246.0,20392.0,20538.0,17593.0,17818.0,16670.0,16670.0,16670.0,110
afoMvFV0IvH,11101 Mechinagar Municipality,11101,126359.0,128213.0,130089.0,131826.0,133753.0,135424.0,135424.0,135424.0,111
h4TMwE2Cx5p,11102 Buddhashanti Rural Municipality,11102,46434.0,47091.0,47753.0,53028.0,53759.0,54293.0,54293.0,54293.0,111
lD1jHXyxn8Z,11103 Arjundhara Municipality,11103,67590.0,68550.0,69508.0,84622.0,85824.0,86785.0,86785.0,86785.0,111
BSlmdVvEkUs,11104 Kankai Municipality,11104,44950.0,45579.0,46213.0,53215.0,53992.0,54285.0,54285.0,54285.0,111
RffL3O64yhC,11105 Shivasatakshi Municipality,11105,72121.0,73118.0,74121.0,73630.0,74682.0,76071.0,76071.0,76071.0,111
EPL0DIwxK38,11106 Kamal Rural Municipality,11106,49931.0,50666.0,51398.0,53834.0,54600.0,54830.0,54830.0,54830.0,111
LgUWza3LscP,11107 Damak Municipality,11107,84873.0,86096.0,87340.0,107667.0,109277.0,111781.0,111781.0,111781.0,111
wwOSgp0cOmn,11108 Gauradaha Municipality,11108,59087.0,59928.0,60767.0,60739.0,61608.0,61741.0,61741.0,61741.0,111
JaUBuct5QVT,11109 Gauriganj Rural Municipality,11109,36979.0,37475.0,37982.0,36157.0,36786.0,35505.0,35505.0,35505.0,111
Cf6GIV8FAqx,11110 Jhapa Rural Municipality,11110,38636.0,39120.0,39614.0,39489.0,40224.0,39596.0,39596.0,39596.0,111
D9dexwSZsOS,11111 Barhadashi Rural Municipality,11111,37512.0,37999.0,38489.0,38012.0,38629.0,38061.0,38061.0,38061.0,111
n22NGxaQxai,11112 Birtamod Municipality,11112,92422.0,93729.0,95045.0,117652.0,119509.0,120263.0,120263.0,120263.0,111
bmihOcaIGVI,11113 Haldibari Rural Municipality,11113,32367.0,32825.0,33284.0,33138.0,33655.0,32958.0,32958.0,32958.0,111
Br9qDReSA2O,11114 Bhadrapur Municipality,11114,74595.0,75678.0,76767.0,70997.0,72062.0,71459.0,71459.0,71459.0,111
c5xvFc10jWu,11115 Kachanakawal Rural Municipality,11115,44253.0,44828.0,45408.0,42509.0,43288.0,41103.0,41103.0,41103.0,111
ubowqxaF44P,11201 Miklajung Rural Municipality,11201,31858.0,32250.0,32648.0,33391.0,33850.0,33508.0,33508.0,33508.0,112
a93eGOAOHia,11202 Letang Municipality,11202,36489.0,36975.0,37460.0,38761.0,39295.0,39157.0,39157.0,39157.0,112
sBELQdDFD2K,11203 Kerabari Rural Municipality,11203,34334.0,34765.0,35197.0,34800.0,35256.0,35075.0,35075.0,35075.0,112
mKSUBEinvq2,11204 Sundarharaicha Municipality,11204,89538.0,90725.0,91920.0,121549.0,123074.0,125833.0,125833.0,125833.0,112
pN4TTnoLrKe,11205 Belbari Municipality,11205,73242.0,74205.0,75172.0,82003.0,83036.0,83884.0,83884.0,83884.0,112
oiPoxEsEVm5,11206 Kanepokhari Rural Municipality,11206,42166.0,42723.0,43281.0,43264.0,43797.0,43913.0,43913.0,43913.0,112
DVMRpMuFczl,11207 Pathari Shanishchare Municipality,11207,68057.0,68961.0,69865.0,72836.0,73765.0,74584.0,74584.0,74584.0,112
yUwjKIAHeH9,11208 Urlabari Municipality,11208,60851.0,61678.0,62516.0,71707.0,72620.0,73060.0,73060.0,73060.0,112
pwSpcMa7aiC,11209 Ratuwamai Municipality,11209,61570.0,62402.0,63240.0,61499.0,62393.0,62373.0,62373.0,62373.0,112
h9u8UmFONT1,11210 Sunwarshi Municipality,11210,56240.0,56971.0,57705.0,56313.0,57231.0,56910.0,56910.0,56910.0,112
KvHrEEoouzN,11211 Rangeli Municipality,11211,57720.0,58487.0,59254.0,57948.0,58780.0,58322.0,58322.0,58322.0,112
VwwGw8hqdUJ,11212 Gramthan Rural Municipality,11212,36427.0,36953.0,37482.0,36577.0,37056.0,35731.0,35731.0,35731.0,112
xBDvxlFhSZC,11213 Budhiganga Rural Municipality,11213,46810.0,47470.0,48135.0,51761.0,52521.0,52342.0,52342.0,52342.0,112
kWTiMqhMM9Z,11214 Biratnagar Metropolitan City,11214,243921.0,247351.0,250812.0,245295.0,248716.0,249945.0,249945.0,249945.0,112
QXdURpmMJVr,11215 Katahari Rural Municipality,11215,44133.0,44706.0,45288.0,48756.0,49530.0,48582.0,48582.0,48582.0,112
txapzBqXqYv,11216 Dhanapalthan Rural Municipality,11216,43607.0,44161.0,44720.0,45323.0,46091.0,45287.0,45287.0,45287.0,112
BHbUx4fzmU6,11217 Jahada Rural Municipality,11217,46344.0,46938.0,47532.0,47980.0,48888.0,47755.0,47755.0,47755.0,112
i9OaLRO8kUl,11301 Dharan Sub-Metropolitan City,11301,166081.0,169469.0,172916.0,173529.0,176265.0,173011.0,173011.0,173011.0,113
fS16KZv8gF5,11302 Baraha Municipality,11302,90424.0,92118.0,93838.0,92132.0,93643.0,93791.0,93791.0,93791.0,113
UAZLJpwmgTC,11303 Koshi Rural Municipality,11303,50651.0,51580.0,52520.0,49268.0,50325.0,49526.0,49526.0,49526.0,113
fOsad5tzQnM,11304 Bhokraha Rural Municipality,11304,46591.0,47426.0,48272.0,49558.0,50718.0,49859.0,49859.0,49859.0,113
lC6XtfV6VtA,11305 Ramdhuni Municipality,11305,61243.0,62425.0,63621.0,65247.0,65910.0,65313.0,65313.0,65313.0,113
A8EZqSGm5PY,11306 Itahari Sub-Metropolitan City,11306,167988.0,171421.0,174911.0,198627.0,201980.0,207096.0,207096.0,207096.0,113
oEJ9zGHQD3W,11307 Duhabi Municipality,11307,65852.0,67176.0,68516.0,67252.0,68524.0,67620.0,67620.0,67620.0,113
C8jpqXzlwLo,11308 Gadhi Rural Municipality,11308,40524.0,41333.0,42146.0,39594.0,40328.0,38732.0,38732.0,38732.0,113
RJjAQffhRya,11309 Inaruwa Municipality,11309,75070.0,76487.0,77924.0,76136.0,77499.0,76422.0,76422.0,76422.0,113
I1EcVkGuEAi,11310 Harinagara Rural Municipality,11310,47158.0,47981.0,48810.0,49694.0,50885.0,50454.0,50454.0,50454.0,113
gtD00wobuEx,11311 Dewangunj Rural Municipality,11311,40878.0,41657.0,42447.0,39502.0,40351.0,39403.0,39403.0,39403.0,113
oSXIDqXc98o,11312 Barju Rural Municipality,11312,36270.0,36970.0,37686.0,36644.0,37342.0,36586.0,36586.0,36586.0,113
QtO7FHYoYFL,11401 Belaka Municipality,11401,46787.0,47355.0,47932.0,51562.0,52219.0,52417.0,52417.0,52417.0,114
byh0saBehjx,11402 Chaudandigadhi Municipality,11402,53873.0,54550.0,55230.0,53642.0,54309.0,54721.0,54721.0,54721.0,114
IrlWkahBEKS,11403 Triyuga Municipality,11403,99317.0,100621.0,101932.0,105279.0,106486.0,105411.0,105411.0,105411.0,114
oOYYlsVSG0Z,11404 Rautamai Rural Municipality,11404,25602.0,25899.0,26195.0,20471.0,20799.0,19046.0,19046.0,19046.0,114
OF6Ct06Stc6,11405 Limchungbung Rural Municipality,11405,12945.0,13076.0,13211.0,9813.0,9974.0,9118.0,9118.0,9118.0,114
bdOniUUPLUd,11406 Tapli Rural Municipality,11406,15795.0,15979.0,16153.0,13413.0,13639.0,12410.0,12410.0,12410.0,114
p3jCjtaqr1K,11407 Katari Municipality,11407,62327.0,63083.0,63847.0,60354.0,61267.0,60423.0,60423.0,60423.0,114
H7GTeyIlh47,11408 Udayapurgadhi Rural Municipality,11408,33520.0,33903.0,34290.0,29003.0,29459.0,27068.0,27068.0,27068.0,114
GTscpNaZbdd,20101 Saptakoshi Municipality,20101,23504.0,23765.0,24026.0,23935.0,24218.0,23937.0,23937.0,23937.0,201
My9JVu4tB1f,20102 Kanchanrup Municipality,20102,58591.0,59246.0,59897.0,59001.0,59769.0,59713.0,59713.0,59713.0,201
f5sr4KVRSGU,20103 Agnisair Krishna Sabaran Rural Municipality,20103,29816.0,30146.0,30476.0,32108.0,32494.0,31679.0,31679.0,31679.0,201
UzTFKbl7g95,20104 Rupani Rural Municipality,20104,28807.0,29134.0,29461.0,30128.0,30528.0,30045.0,30045.0,30045.0,201
ui1c8rGwOps,20105 Shambhunath Municipality,20105,38422.0,38845.0,39267.0,39501.0,39989.0,40563.0,40563.0,40563.0,201
LCwocRjf8BI,20106 Khadak Municipality,20106,49495.0,50012.0,50525.0,54302.0,55006.0,53951.0,53951.0,53951.0,201
tsd4P5ZCQuW,20107 Surunga Municipality,20107,48463.0,48981.0,49508.0,49766.0,50396.0,50663.0,50663.0,50663.0,201
PoNyMTuhJGu,20108 Balan-Bihul Rural Municipality,20108,23865.0,24148.0,24427.0,24113.0,24463.0,23743.0,23743.0,23743.0,201
jUSkmeSh1bB,20109 BodeBarsain Municipality,20109,47072.0,47600.0,48134.0,46445.0,47093.0,46900.0,46900.0,46900.0,201
z9OcbIrxIMV,20110 Dakneshwori Municipality,20110,46445.0,46982.0,47513.0,48422.0,49099.0,48666.0,48666.0,48666.0,201
efeJVmnEkr5,20111 Rajgadh Rural Municipality,20111,32119.0,32476.0,32836.0,33052.0,33526.0,32596.0,32596.0,32596.0,201
pVuxZeIsOlz,20112 Bishnupur Rural Municipality,20112,25318.0,25609.0,25900.0,28317.0,28674.0,27738.0,27738.0,27738.0,201
REamYQDDc8L,20113 Rajbiraj Municipality,20113,76321.0,77173.0,78059.0,73340.0,73879.0,72020.0,72020.0,72020.0,201
aSIO1127IVl,20114 Mahadewa Rural Municipality,20114,31108.0,31468.0,31827.0,31126.0,31604.0,30201.0,30201.0,30201.0,201
KTb0F33PHTt,20115 Tirahut Rural Municipality,20115,24260.0,24558.0,24858.0,24035.0,24344.0,23988.0,23988.0,23988.0,201
voE6nkNZ68u,20116 Hanumannagar Kankalini Municipality,20116,50003.0,50573.0,51138.0,52052.0,52858.0,53728.0,53728.0,53728.0,201
zJy9BsADxzf,20117 Tilathi Koiladi Rural Municipality,20117,35006.0,35442.0,35874.0,34334.0,34816.0,33639.0,33639.0,33639.0,201
siXlLe6N9P4,20118 Chhinnamasta Rural Municipality,20118,31049.0,31410.0,31769.0,30734.0,31168.0,29946.0,29946.0,29946.0,201
iFoDthLp3eG,20201 Lahan Municipality,20201,101009.0,102073.0,103108.0,103225.0,104936.0,102925.0,102925.0,102925.0,202
euU6fKR81MC,20202 Dhangadhimai Municipality,20202,52121.0,52673.0,53224.0,54393.0,55324.0,53773.0,53773.0,53773.0,202
SLBr0Y4que5,20203 Golbazar Municipality,20203,56917.0,57499.0,58081.0,65437.0,66542.0,64588.0,64588.0,64588.0,202
H4ZqWgyw5qJ,20204 Mirchaiya Municipality,20204,53459.0,54020.0,54588.0,60246.0,61248.0,60227.0,60227.0,60227.0,202
q1noskqyYet,20205 Karjanha Municipality,20205,34189.0,34540.0,34898.0,39045.0,39722.0,39436.0,39436.0,39436.0,202
wZtU8hI8H8h,20206 Kalyanpur Municipality,20206,53262.0,53799.0,54345.0,60161.0,61286.0,60333.0,60333.0,60333.0,202
LquQFSh9yGx,20207 Naraha Rural Municipality,20207,20981.0,21193.0,21409.0,23728.0,24183.0,22640.0,22640.0,22640.0,202
LIR8dWalakD,20208 Bishnupur Rural Municipality,20208,20104.0,20317.0,20527.0,22866.0,23298.0,22823.0,22823.0,22823.0,202
XXSrHhYQ8v4,20209 Arnama Rural Municipality,20209,24671.0,24914.0,25162.0,28225.0,28775.0,27995.0,27995.0,27995.0,202
o8OIPSGkknn,20210 Sukhipur Municipality,20210,40282.0,40718.0,41153.0,42668.0,43423.0,42507.0,42507.0,42507.0,202
WZx3wCWLlU2,20211 Laxmipur Patari Rural Municipality,20211,30376.0,30693.0,31011.0,31195.0,31784.0,31075.0,31075.0,31075.0,202
dQphAmskjKr,20212 Sakhuwa Nankarkatti Rural Municipality,20212,20223.0,20440.0,20659.0,21008.0,21363.0,20674.0,20674.0,20674.0,202
fEFYRClTwTr,20213 Bhagawanpur Rural Municipality,20213,22821.0,23064.0,23311.0,23389.0,23798.0,23294.0,23294.0,23294.0,202
feLdvtuKWHw,20214 Nawarajpur Rural Municipality,20214,20708.0,20939.0,21175.0,20889.0,21249.0,20698.0,20698.0,20698.0,202
UYBKTWMaw3d,20215 Bariyarpatti Rural Municipality,20215,27410.0,27712.0,28009.0,29948.0,30509.0,29590.0,29590.0,29590.0,202
MJyaK5ixsKQ,20216 Aurahi Rural Municipality,20216,24844.0,25103.0,25364.0,27271.0,27772.0,26379.0,26379.0,26379.0,202
dRTc5Zz5oSz,20217 Siraha Municipality,20217,90033.0,90968.0,91910.0,96811.0,98529.0,97176.0,97176.0,97176.0,202
mFmIWxZqEUa,20301 Ganeshman Charnath Municipality,20301,39739.0,40175.0,40614.0,44999.0,45616.0,45043.0,45043.0,45043.0,203
G48aEUtnkqM,20302 Dhanushadham Municipality,20302,49645.0,50203.0,50755.0,53606.0,54200.0,53409.0,53409.0,53409.0,203
Ra80Qk48O76,20303 Mithila Municipality,20303,50327.0,50936.0,51554.0,47604.0,48151.0,49295.0,49295.0,49295.0,203
L8n8ufimqq0,20304 Bateshwor Rural Municipality,20304,23881.0,24175.0,24465.0,21520.0,21823.0,21525.0,21525.0,21525.0,203
ifypJag1NZc,20305 Chhireshwornath Municipality,20305,46274.0,46825.0,47378.0,53143.0,53848.0,52089.0,52089.0,52089.0,203
H1ykrXhN8ny,20306 Laxminiya Rural Municipality,20306,31125.0,31499.0,31881.0,33275.0,33683.0,31420.0,31420.0,31420.0,203
RW1bIabPbfE,20307 Mithila Bihari Municipality,20307,36836.0,37276.0,37712.0,38092.0,38603.0,39048.0,39048.0,39048.0,203
EtDSLuNpLgD,20308 Hansapur Municipality,20308,41548.0,42015.0,42487.0,45026.0,45647.0,45792.0,45792.0,45792.0,203
kkBHXOIpD2O,20309 Sabaila Municipality,20309,56910.0,57537.0,58167.0,62657.0,63580.0,63940.0,63940.0,63940.0,203
hOnC8RLWI7b,20310 Shahidnagar Municipality,20310,51750.0,52332.0,52914.0,53664.0,54409.0,54873.0,54873.0,54873.0,203
mhNvNmTvUsE,20311 Kamala Municipality,20311,42073.0,42548.0,43026.0,45581.0,46235.0,45619.0,45619.0,45619.0,203
Dycul4tYFYI,20312 Janak Nandini Rural Municipality,20312,27685.0,28004.0,28326.0,28335.0,28757.0,27036.0,27036.0,27036.0,203
rdYbkteJ80f,20313 Bideha Municipality,20313,35450.0,35868.0,36286.0,37967.0,38497.0,38547.0,38547.0,38547.0,203
BxBSsLJvFL4,20314 Aurahi Rural Municipality,20314,24767.0,25068.0,25372.0,24391.0,24722.0,23761.0,23761.0,23761.0,203
xx7B1K7qErB,20315 Janakpur Sub-Metropolitan City,20315,180066.0,182201.0,184354.0,195799.0,198070.0,197711.0,197711.0,197711.0,203
y0uK66XUGxN,20316 Dhanauji Rural Municipality,20316,23431.0,23714.0,23991.0,22005.0,22286.0,21773.0,21773.0,21773.0,203
ltqnFCQEb86,20317 Nagarain Municipality,20317,39058.0,39538.0,40018.0,38032.0,38555.0,38663.0,38663.0,38663.0,203
X4ptvPQX4oH,20318 Mukhiyapatti Musaharmiya Rural Municipality,20318,27836.0,28170.0,28500.0,29420.0,29862.0,27821.0,27821.0,27821.0,203
Jder3u2LeBr,20401 Bardibas Municipality,20401,73569.0,74528.0,75492.0,68527.0,69611.0,75945.0,75945.0,75945.0,204
seMsxiJS8sz,20402 Gaushala Municipality,20402,74338.0,75303.0,76268.0,73221.0,74574.0,73561.0,73561.0,73561.0,204
GKOzrKMKEsi,20403 Sonama Rural Municipality,20403,42754.0,43327.0,43906.0,51922.0,53068.0,42713.0,42713.0,42713.0,204
nBb5QqU5dBX,20404 Aurahi Municipality,20404,34872.0,35334.0,35798.0,40967.0,41812.0,37959.0,37959.0,37959.0,204
uyA0701CR1r,20405 Bhangaha Municipality,20405,51623.0,52282.0,52949.0,56747.0,57845.0,56489.0,56489.0,56489.0,204
yxV18PSNcMh,20406 Loharpatti Municipality,20406,44100.0,44657.0,45217.0,46490.0,47468.0,46767.0,46767.0,46767.0,204
gWLd9lYEekL,20407 Balawa Municipality,20407,46652.0,47254.0,47863.0,50186.0,51161.0,50369.0,50369.0,50369.0,204
cybshnnag3M,20408 Ram Gopalpur Municipality,20408,33129.0,33543.0,33962.0,36728.0,37561.0,36700.0,36700.0,36700.0,204
YbzXduozeDW,20409 Samsi Rural Municipality,20409,37078.0,37556.0,38023.0,38817.0,39705.0,38569.0,38569.0,38569.0,204
Z4Qs1YyiL5j,20410 Manara Shisawa Municipality,20410,55189.0,55929.0,56668.0,49270.0,50167.0,53097.0,53097.0,53097.0,204
Riqh3D6L3YB,20411 Ekadara Rural Municipality,20411,32197.0,32606.0,33025.0,32166.0,32825.0,31545.0,31545.0,31545.0,204
NM3cIT2peny,20412 Mahottari Rural Municipality,20412,30506.0,30923.0,31344.0,32738.0,33280.0,28661.0,28661.0,28661.0,204
pxZmNLjeU1d,20413 Pipara Rural Municipality,20413,39864.0,40404.0,40949.0,39605.0,40274.0,40158.0,40158.0,40158.0,204
eVcocUd7GNO,20414 Matihani Municipality,20414,34175.0,34625.0,35073.0,36177.0,36905.0,37063.0,37063.0,37063.0,204
LrZTejRas1h,20415 Jaleshwor Municipality,20415,66604.0,67567.0,68546.0,63680.0,64805.0,64966.0,64966.0,64966.0,204
lw377s6XZd1,20501 Lalbandi Municipality,20501,68868.0,69962.0,71064.0,68568.0,69253.0,67802.0,67802.0,67802.0,205
rB8R9ZD7Ygz,20502 Hariwan Municipality,20502,50708.0,51511.0,52312.0,51436.0,52103.0,51119.0,51119.0,51119.0,205
wdNmgGSUtFW,20503 Bagmati Municipality,20503,46628.0,47364.0,48116.0,45556.0,46171.0,48852.0,48852.0,48852.0,205
EfOP3rwkan2,20504 Barahathawa Municipality,20504,79597.0,80894.0,82203.0,83482.0,84916.0,82983.0,82983.0,82983.0,205
uJUBRJSyqpw,20505 Haripur Municipality,20505,42511.0,43179.0,43856.0,43729.0,44487.0,44283.0,44283.0,44283.0,205
EYigJ4rC8CX,20506 Ishworpur Municipality,20506,68294.0,69397.0,70506.0,68799.0,69868.0,69764.0,69764.0,69764.0,205
tIaWqEy7DSn,20507 Haripurwa Municipality,20507,40626.0,41317.0,42018.0,36634.0,37306.0,39647.0,39647.0,39647.0,205
joetwlZz9vQ,20508 Parsa Rural Municipality,20508,24371.0,24780.0,25194.0,24116.0,24606.0,24161.0,24161.0,24161.0,205
E9odqh1maQZ,20509 Brahmapuri Rural Municipality,20509,33530.0,34073.0,34625.0,27964.0,28507.0,31575.0,31575.0,31575.0,205
kkz1ESbpnKy,20510 Chandranagar Rural Municipality,20510,37678.0,38291.0,38916.0,37635.0,38379.0,36917.0,36917.0,36917.0,205
NUBYHiV2FON,20511 Kabilashi Municipality,20511,47724.0,48517.0,49320.0,44821.0,45670.0,45188.0,45188.0,45188.0,205
n9JZhYXpYA5,20512 Chakraghatta Rural Municipality,20512,31482.0,32010.0,32546.0,29257.0,29836.0,29549.0,29549.0,29549.0,205
bsYlDlb9c9J,20513 Basbariya Rural Municipality,20513,26666.0,27118.0,27575.0,26482.0,26964.0,25859.0,25859.0,25859.0,205
Sd2ztZ039KO,20514 Dhanakaul Rural Municipality,20514,27927.0,28392.0,28864.0,28588.0,29148.0,28209.0,28209.0,28209.0,205
bo8TNwdv1KB,20515 Ramnagar Rural Municipality,20515,32592.0,33143.0,33698.0,31785.0,32397.0,31614.0,31614.0,31614.0,205
E0BEzyhd8WB,20516 Balara Municipality,20516,51571.0,52452.0,53340.0,47731.0,48538.0,49100.0,49100.0,49100.0,205
kItgBD0jzqT,20517 Godaita Municipality,20517,53864.0,54757.0,55663.0,54512.0,55558.0,55504.0,55504.0,55504.0,205
BtJzlRlHotT,20518 Bishnu Rural Municipality,20518,27954.0,28425.0,28901.0,25944.0,26407.0,28710.0,28710.0,28710.0,205
HFEaEcs9ap6,20519 Kaudena Rural Municipality,20519,29433.0,29931.0,30436.0,29312.0,29858.0,28816.0,28816.0,28816.0,205
RwdsaWpcvuQ,20520 Malangawa Municipality,20520,52639.0,53473.0,54305.0,53344.0,54234.0,55736.0,55736.0,55736.0,205
yR30qKyaGd2,20601 Chandrapur Municipality,20601,88785.0,90789.0,92832.0,83542.0,84766.0,84348.0,84348.0,84348.0,206
hPejcd2Mkhf,20602 Gujara Municipality,20602,55886.0,57111.0,58357.0,54249.0,55277.0,56016.0,56016.0,56016.0,206
MFzUIoegqtN,20603 Phatuwa Bijayapur Municipality,20603,43309.0,44283.0,45276.0,44504.0,45420.0,43704.0,43704.0,43704.0,206
lPUHQ4gkcBT,20604 Katahariya Municipality,20604,45394.0,46413.0,47451.0,47609.0,48599.0,47436.0,47436.0,47436.0,206
TqihpDvXRdJ,20605 Brindaban Municipality,20605,50769.0,51892.0,53037.0,50301.0,51292.0,51661.0,51661.0,51661.0,206
ktl9PT1WPyh,20606 Gadhimai Municipality,20606,48157.0,49246.0,50349.0,49815.0,50885.0,50685.0,50685.0,50685.0,206
H2t20CMYnL9,20607 Madhav Narayan Municipality,20607,41674.0,42615.0,43575.0,41106.0,41927.0,42395.0,42395.0,42395.0,206
VaLVI19UtnA,20608 Garuda Municipality,20608,59589.0,60930.0,62297.0,60203.0,61432.0,62904.0,62904.0,62904.0,206
gmtpUDSMtzU,20609 Dewahi Gonahi Municipality,20609,37898.0,38748.0,39609.0,38947.0,39821.0,40087.0,40087.0,40087.0,206
h3U0l83K403,20610 Maulapur Municipality,20610,31157.0,31869.0,32594.0,32590.0,33361.0,33397.0,33397.0,33397.0,206
vCAcmiIFhtz,20611 Baudhimai Municipality,20611,39276.0,40165.0,41056.0,39492.0,40387.0,40581.0,40581.0,40581.0,206
A59slhEIrcI,20612 Paroha Municipality,20612,44269.0,45259.0,46266.0,46919.0,48000.0,47306.0,47306.0,47306.0,206
wkfdoD1yW8p,20613 Rajpur Municipality,20613,47825.0,48863.0,49915.0,54594.0,55996.0,56091.0,56091.0,56091.0,206
Zk1F9LswTN9,20614 Yamunamai Rural Municipality,20614,28168.0,28798.0,29439.0,28703.0,29318.0,26550.0,26550.0,26550.0,206
XurD1EfINOl,20615 Durga Bhagawati Rural Municipality,20615,27263.0,27883.0,28522.0,23298.0,23745.0,21286.0,21286.0,21286.0,206
fAEaFZMuira,20616 Rajdevi Municipality,20616,36537.0,37375.0,38219.0,37310.0,38073.0,37046.0,37046.0,37046.0,206
URrTfccviIx,20617 Gaur Municipality,20617,42523.0,43498.0,44528.0,44903.0,44351.0,41036.0,41036.0,41036.0,206
NuyG2c5LEVT,20618 Ishanath Municipality,20618,49106.0,50207.0,51318.0,53587.0,54752.0,53770.0,53770.0,53770.0,206
LR6hCfJM3qN,20701 Nijagadh Municipality,20701,42694.0,43560.0,44444.0,36674.0,37183.0,38909.0,38909.0,38909.0,207
s81iwIY7rWl,20702 Kolhabi Municipality,20702,52530.0,53588.0,54663.0,46313.0,47033.0,52407.0,52407.0,52407.0,207
MEJFzydYnSx,20703 Jitpur Simara Sub-Metropolitan City,20703,140772.0,143679.0,146639.0,119457.0,121418.0,132294.0,132294.0,132294.0,207
KvtJex2PPNq,20704 Parawanipur Rural Municipality,20704,26534.0,27078.0,27628.0,22535.0,22964.0,24948.0,24948.0,24948.0,207
f8gKN9sAiDz,20705 Prasauni Rural Municipality,20705,29127.0,29715.0,30310.0,21817.0,22251.0,25758.0,25758.0,25758.0,207
RIv1xNHjjNt,20706 Bishrampur Rural Municipality,20706,27614.0,28190.0,28773.0,23968.0,24461.0,25148.0,25148.0,25148.0,207
luYHLAcmJxy,20707 Pheta Rural Municipality,20707,29659.0,30254.0,30856.0,29026.0,29680.0,28765.0,28765.0,28765.0,207
elTl9yVygGH,20708 Kalaiya Sub-Metropolitan City,20708,143898.0,146821.0,149795.0,142913.0,145192.0,140372.0,140372.0,140372.0,207
od29axZQYBM,20709 Karaiyamai Rural Municipality,20709,31189.0,31825.0,32468.0,29123.0,29624.0,29408.0,29408.0,29408.0,207
iuKrkDwtXSf,20710 Baragadhi Rural Municipality,20710,31965.0,32612.0,33265.0,29916.0,30441.0,29857.0,29857.0,29857.0,207
jgdov3l6jU1,20711 Aadarsha Kotwal Rural Municipality,20711,31873.0,32528.0,33192.0,29695.0,30369.0,31904.0,31904.0,31904.0,207
j6f5ROpUwXM,20712 Simroungadh Municipality,20712,56366.0,57538.0,58730.0,53281.0,54410.0,56679.0,56679.0,56679.0,207
JVLTeuN4LfP,20713 Pacharauta Municipality,20713,39526.0,40335.0,41159.0,40394.0,41290.0,42076.0,42076.0,42076.0,207
ldV4E2PsEh4,20714 Mahagadhimai Municipality,20714,61075.0,62324.0,63592.0,59943.0,61166.0,61201.0,61201.0,61201.0,207
JiP2gai4NNi,20715 Devtal Rural Municipality,20715,27080.0,27633.0,28193.0,25167.0,25707.0,25689.0,25689.0,25689.0,207
tpsweQ66cIn,20716 Subarna Rural Municipality,20716,34168.0,34875.0,35595.0,35996.0,36756.0,35624.0,35624.0,35624.0,207
IWfloqDjBht,20801 Thori Rural Municipality,20801,24637.0,25102.0,25577.0,17525.0,17721.0,17825.0,17825.0,17825.0,208
ZYSpy8oLqWo,20802 Jirabhawani Rural Municipality,20802,26500.0,27012.0,27531.0,22659.0,23009.0,23028.0,23028.0,23028.0,208
fxxVxM4Dznm,20803 Jagarnathpur Rural Municipality,20803,37542.0,38263.0,38999.0,32840.0,33490.0,33426.0,33426.0,33426.0,208
wXQf5ocsOhG,20804 Paterwa Sugauli Rural Municipality,20804,27717.0,28251.0,28794.0,25572.0,25980.0,26060.0,26060.0,26060.0,208
mWGNxg5QunN,20805 Sakhuwa Prasauni Rural Municipality,20805,38087.0,38793.0,39507.0,35811.0,36421.0,36364.0,36364.0,36364.0,208
F5dwIiun7k0,20806 Parsagadhi Municipality,20806,44912.0,45757.0,46616.0,41588.0,42294.0,43176.0,43176.0,43176.0,208
LdPgWOfFvew,20807 Birgunj Metropolitan City,20807,280685.0,286004.0,291415.0,270999.0,274529.0,283746.0,283746.0,283746.0,208
FDd4YEgMIPm,20808 Bahudarmai Municipality,20808,45548.0,46414.0,47293.0,43912.0,44757.0,44908.0,44908.0,44908.0,208
lA8K5GXCO76,20809 Pokhariya Municipality,20809,40740.0,41526.0,42313.0,39104.0,39850.0,38801.0,38801.0,38801.0,208
gOCG6lmlpPq,20810 Kalikamai Rural Municipality,20810,24391.0,24855.0,25326.0,23810.0,24246.0,24125.0,24125.0,24125.0,208
Y86rNPKnw2a,20811 Dhobini Rural Municipality,20811,22984.0,23428.0,23873.0,22918.0,23365.0,23070.0,23070.0,23070.0,208
L9h5hmuLjOq,20812 Chhipaharmai Rural Municipality,20812,30725.0,31312.0,31897.0,26819.0,27318.0,29846.0,29846.0,29846.0,208
VDEIU5gdZok,20813 Pakaha Mainpur Rural Municipality,20813,23966.0,24431.0,24906.0,23024.0,23454.0,23167.0,23167.0,23167.0,208
hSS0Jqke0uZ,20814 Bindabasini Rural Municipality,20814,28184.0,28719.0,29257.0,24541.0,25010.0,25720.0,25720.0,25720.0,208
JeXriiVgEnu,30101 Gaurishankar Rural Municipality,30101,17226.0,17209.0,17187.0,16029.0,16177.0,15307.0,15543.0,15543.0,301
jTp30hcgdic,30102 Bigu Rural Municipality,30102,18566.0,18546.0,18528.0,16445.0,16574.0,15928.0,15805.0,15805.0,301
Uvmu9Da0suL,30103 Kalinchowk Rural Municipality,30103,23057.0,23030.0,23001.0,21244.0,21462.0,20440.0,20386.0,20386.0,301
bTTewrxrkF3,30104 Baiteshwor Rural Municipality,30104,19923.0,19914.0,19909.0,17972.0,18099.0,17263.0,17189.0,17189.0,301
UDNIRW1i9Gk,30105 Jiri Municipality,30105,15920.0,15899.0,15877.0,15569.0,15698.0,16179.0,16120.0,16120.0,301
c8DlVHakEnq,30106 Tamakoshi Rural Municipality,30106,18835.0,18806.0,18778.0,15317.0,15431.0,14690.0,14099.0,14099.0,301
IGnDwGml3CS,30107 Melung Rural Municipality,30107,20039.0,20001.0,19971.0,16070.0,16199.0,15251.0,14681.0,14681.0,301
J4SFzwHCwD7,30108 Shailung Rural Municipality,30108,19521.0,19488.0,19458.0,18351.0,18502.0,17251.0,17268.0,17268.0,301
bT82XWJFT65,30109 Bhimeshwor Municipality,30109,34185.0,34227.0,34242.0,35952.0,36075.0,34863.0,35032.0,35032.0,301
qIv6T7879Cn,30201 Bhotekoshi Rural Municipality,30201,17576.0,17636.0,17703.0,14355.0,14388.0,13603.0,13576.0,13576.0,302
NhADUEXz2ca,30202 Jugal Rural Municipality,30202,19416.0,19435.0,19449.0,19168.0,19229.0,17339.0,17867.0,17867.0,302
FluZyDqgK8D,30203 Panchpokhari Thangpal Rural Municipality,30203,21288.0,21332.0,21370.0,21000.0,21073.0,20116.0,20824.0,20824.0,302
zR1anyfvrOo,30204 Helambu Rural Municipality,30204,18154.0,18187.0,18222.0,17764.0,17812.0,16693.0,17276.0,17276.0,302
RXyOlRFs3Ft,30205 Melamchi Municipality,30205,46694.0,46771.0,46839.0,41387.0,41490.0,40760.0,39512.0,39512.0,302
eVhFBYrBC9Y,30206 Indrawoti Rural Municipality,30206,29025.0,29048.0,29069.0,25557.0,25646.0,24197.0,24282.0,24282.0,302
zFmBHaRvkLd,30207 Choutara Sangachowkgadhi Municipality,30207,48173.0,48232.0,48289.0,43814.0,43769.0,42532.0,41215.0,41215.0,302
kG2N6Qdbgyh,30208 Balephi Rural Municipality,30208,19475.0,19509.0,19538.0,16546.0,16565.0,16204.0,16429.0,16429.0,302
MO5GjZ8pyt0,30209 Bahrabise Municipality,30209,27654.0,27696.0,27736.0,24257.0,24312.0,23933.0,23218.0,23218.0,302
wgiDXt162Wl,30210 Tripurasundari Rural Municipality,30210,13414.0,13436.0,13454.0,12201.0,12230.0,11408.0,11577.0,11577.0,302
P1b64auzuzc,30211 Lisankhu Pakhar Rural Municipality,30211,15257.0,15269.0,15282.0,11579.0,11583.0,11278.0,10814.0,10814.0,302
lIgk0wjLBGn,30212 Sunkoshi Rural Municipality,30212,17539.0,17572.0,17604.0,15333.0,15348.0,14375.0,14481.0,14481.0,302
uYVGFFpDYBz,30301 Gosaikunda Rural Municipality,30301,8556.0,8618.0,8674.0,8081.0,8323.0,8335.0,7904.0,7904.0,303
QaGifEG44bz,30302 Parbatikunda Rural Municipality,30302,5718.0,5738.0,5758.0,6709.0,6926.0,6696.0,6987.0,6987.0,303
itvnxQdZ1St,30303 Uttargaya Rural Municipality,30303,8577.0,8598.0,8621.0,8611.0,8872.0,8620.0,8555.0,8555.0,303
OZZKuAVf0aO,30304 Kalika Rural Municipality,30304,9880.0,9911.0,9942.0,10223.0,10540.0,10147.0,10220.0,10220.0,303
KTRG2BvU2aN,30305 Naukunda Rural Municipality,30305,12088.0,12112.0,12137.0,12156.0,12530.0,12289.0,12372.0,12372.0,303
T8quwYZYfsu,30401 Rubi Valley Rural Municipality,30401,9907.0,9955.0,10003.0,10480.0,10524.0,10347.0,11048.0,11048.0,304
sInu47Mk0wb,30402 Khaniyabas Rural Municipality,30402,13046.0,13101.0,13152.0,10689.0,10740.0,9910.0,9574.0,9574.0,304
DDM7poCx1mp,30403 Ganga Jamuna Rural Municipality,30403,22429.0,22523.0,22619.0,19461.0,19477.0,18566.0,18408.0,18408.0,304
hv4fG8ZjTkx,30404 Tripurasundari Rural Municipality,30404,23772.0,23880.0,23988.0,21188.0,21196.0,21328.0,21433.0,21433.0,304
MaArAXGzq0b,30405 Netrawati Rural Municipality,30405,13159.0,13220.0,13274.0,11269.0,11263.0,10876.0,10789.0,10789.0,304
hHrDGEWVf6J,30406 Nilkhantha Municipality,30406,61462.0,61762.0,62064.0,58162.0,58241.0,58628.0,58326.0,58326.0,304
aIGwPXtsX4s,30407 Jwalamukhi Rural Municipality,30407,24596.0,24705.0,24815.0,21202.0,21208.0,20650.0,20432.0,20432.0,304
piWZ5DyW8lE,30408 Siddhalek Rural Municipality,30408,24609.0,24717.0,24821.0,22217.0,22248.0,21438.0,21582.0,21582.0,304
dTHSxyHHffK,30409 Benighat Rorang Rural Municipality,30409,33216.0,33377.0,33533.0,34510.0,34750.0,33282.0,34226.0,34226.0,304
hNXxypRAoOb,30410 Gajuri Rural Municipality,30410,29596.0,29772.0,29952.0,28781.0,28937.0,28302.0,28802.0,28802.0,304
MhMpfcsUjqo,30411 Galchhi Rural Municipality,30411,27635.0,27787.0,27932.0,24217.0,24284.0,23210.0,22972.0,22972.0,304
uLoM1lcKeYr,30412 Thakre Rural Municipality,30412,34932.0,35131.0,35323.0,31567.0,31653.0,31472.0,31895.0,31895.0,304
ZwtuC5ZNurI,30413 Dhunibenshi Municipality,30413,33284.0,33504.0,33726.0,29135.0,29184.0,29031.0,28342.0,28342.0,304
zotSDVN3Zuv,30501 Dupcheshwor Rural Municipality,30501,22922.0,22989.0,23058.0,21058.0,21322.0,20334.0,20424.0,20424.0,305
GtSNdnR53Be,30502 Tadi Rural Municipality,30502,18360.0,18425.0,18478.0,16088.0,16211.0,15294.0,15249.0,15249.0,305
hkYy0OSJtes,30503 Suryagadhi Rural Municipality,30503,17264.0,17313.0,17365.0,14947.0,15082.0,14354.0,14273.0,14273.0,305
Kkw5qzJDbaB,30504 Bidur Municipality,30504,57983.0,58191.0,58419.0,62241.0,62294.0,60192.0,60094.0,60094.0,305
H8GitWxvHbU,30505 Kispang Rural Municipality,30505,15174.0,15217.0,15261.0,14141.0,14265.0,13797.0,13920.0,13920.0,305
xqkfomLrYDd,30506 Meghang Rural Municipality,30506,13854.0,13893.0,13929.0,12434.0,12548.0,12254.0,12318.0,12318.0,305
pQ9sfTqDPzf,30507 Tarakeshwor Rural Municipality,30507,15933.0,15971.0,16003.0,14184.0,14299.0,13835.0,13631.0,13631.0,305
UojUnRoexxf,30508 Belkotgadhi Municipality,30508,42028.0,42140.0,42243.0,35252.0,35580.0,34959.0,33450.0,33450.0,305
xRo2s6fO8RZ,30509 Likhu Rural Municipality,30509,17582.0,17642.0,17696.0,17759.0,17904.0,17158.0,17810.0,17810.0,305
Pc2z0fGNT4Y,30510 Panchakanya Rural Municipality,30510,16388.0,16436.0,16482.0,13881.0,13992.0,13285.0,13129.0,13129.0,305
cRyJg8XWXOc,30511 Shivapuri Rural Municipality,30511,21084.0,21138.0,21179.0,16997.0,17119.0,16499.0,16131.0,16131.0,305
ReAGX6NhTe1,30512 Kakani Rural Municipality,30512,27634.0,27737.0,27842.0,24356.0,24558.0,23806.0,23776.0,23776.0,305
PwcSyA8Bw91,30601 Shankharapur Municipality,30601,33179.0,34026.0,34896.0,30497.0,31016.0,30481.0,30271.0,30271.0,306
XeUjDTr86BB,30602 Kageshwori Manahara Municipality,30602,76167.0,78165.0,80204.0,133730.0,136213.0,140005.0,161275.0,161275.0,306
A2ieAsKcSIe,30603 Gokarneshwor Municipality,30603,136927.0,140384.0,143910.0,151682.0,154674.0,160053.0,162625.0,162625.0,306
Bttts23FIp4,30604 Budhanilkhantha Municipality,30604,139486.0,143119.0,146828.0,180386.0,183748.0,188802.0,202885.0,202885.0,306
WlsoyP8RB5A,30605 Tokha Municipality,30605,124406.0,127629.0,130917.0,136173.0,138850.0,144294.0,144367.0,144367.0,306
MeDEuAp5vBM,30606 Tarakeshwor Municipality,30606,101959.0,104609.0,107325.0,152745.0,155598.0,164826.0,179325.0,179325.0,306
lO9MStItdyH,30607 Nagarjun Municipality,30607,85249.0,87583.0,89969.0,117730.0,119617.0,123282.0,133415.0,133415.0,306
KHY8lkQw5QC,30608 Kathmandu Metropolitan City,30608,1234525.0,1268643.0,1303579.0,868505.0,881131.0,912543.0,824079.0,824079.0,306
Sh9Sx2iLNjY,30609 Kirtipur Municipality,30609,81537.0,83995.0,86521.0,83811.0,85158.0,88528.0,85989.0,85989.0,306
oeCd9kH0yob,30610 Chandragiri Municipality,30610,109369.0,112315.0,115342.0,139040.0,141295.0,145797.0,155309.0,155309.0,306
xX7eCpkd7AI,30611 Dakshinkali Municipality,30611,32818.0,33662.0,34535.0,29382.0,29381.0,27479.0,26735.0,26735.0,306
PaZ8MJUYoBS,30701 Changunarayan Municipality,30701,68691.0,70155.0,71639.0,91318.0,92294.0,96520.0,99626.0,99626.0,307
EJ6VZgN3gyN,30702 Bhaktapur Municipality,30702,98405.0,100445.0,102532.0,79431.0,80634.0,82256.0,77620.0,77620.0,307
yPHX34J5S5u,30703 Madhyapur Thimi Municipality,30703,98820.0,100955.0,103128.0,121024.0,122958.0,132392.0,131721.0,131721.0,307
B9uYCJ6J5df,30704 Suryabinayak Municipality,30704,92993.0,94942.0,96916.0,139782.0,141815.0,154408.0,163859.0,163859.0,307
Yf4pkqyyHwh,30801 Mahalaxmi Municipality,30801,74376.0,76010.0,77669.0,119011.0,120877.0,135787.0,148394.0,148394.0,308
UYA23UmgomU,30802 Lalitpur Metropolitan City,30802,345362.0,353213.0,361224.0,300757.0,305363.0,314220.0,293787.0,293787.0,308
ORfqiWQXI4y,30803 Godawari Municipality,30803,96064.0,98109.0,100184.0,101843.0,103325.0,102623.0,103003.0,103003.0,308
BSHZS7OTAL5,30804 Konjyosom Rural Municipality,30804,11936.0,12154.0,12371.0,9067.0,9220.0,8784.0,8703.0,8703.0,308
M8lAYwHcRvR,30805 Mahankal Rural Municipality,30805,11687.0,11909.0,12134.0,7880.0,8006.0,7977.0,7696.0,7696.0,308
tQ73nJ7ioAy,30806 Bagmati Rural Municipality,30806,16207.0,16510.0,16817.0,11230.0,11440.0,11207.0,10795.0,10795.0,308
F5aE3rj2vJW,30901 Chauri Deurali Rural Municipality,30901,21252.0,21324.0,21391.0,14133.0,14307.0,13305.0,12445.0,12445.0,309
fZ3LDhJyCuw,30902 Bhumlu Rural Municipality,30902,19493.0,19578.0,19659.0,15890.0,16102.0,14771.0,14707.0,14707.0,309
ocZon5HzPOG,30903 Mandan Deupur Municipality,30903,34067.0,34240.0,34413.0,31332.0,31786.0,30715.0,29460.0,29460.0,309
gPpYofbTapc,30904 Banepa Municipality,30904,60622.0,61035.0,61436.0,67811.0,68960.0,70080.0,70901.0,70901.0,309
V6hHd2VqP3S,30905 Dhulikhel Municipality,30905,36296.0,36516.0,36734.0,36291.0,36896.0,34792.0,33853.0,33853.0,309
eavdB3HKbSd,30906 Panchkhal Municipality,30906,41948.0,42257.0,42565.0,39259.0,39205.0,36158.0,34485.0,34485.0,309
Wm3ndVlat85,30907 Temal Rural Municipality,30907,23098.0,23166.0,23240.0,16992.0,17191.0,15812.0,15434.0,15434.0,309
JliQ0BJSGqa,30908 Namobuddha Municipality,30908,31254.0,31413.0,31572.0,26341.0,26734.0,26437.0,25012.0,25012.0,309
mqGibmoSsMZ,30909 Panauti Municipality,30909,49986.0,50274.0,50560.0,52488.0,53247.0,52372.0,52477.0,52477.0,309
yLgova5hxHh,30910 Bethanchowk Rural Municipality,30910,17444.0,17520.0,17595.0,15033.0,15273.0,14131.0,14327.0,14327.0,309
JX5rBAArWRn,30911 Roshi Rural Municipality,30911,29832.0,29940.0,30045.0,23611.0,23993.0,22320.0,22300.0,22300.0,309
of5txBWqdOE,30912 Mahabharat Rural Municipality,30912,19151.0,19193.0,19229.0,16207.0,16561.0,15169.0,15340.0,15340.0,309
uieUU0PzxcP,30913 Khanikhola Rural Municipality,30913,15151.0,15187.0,15227.0,12420.0,12699.0,11576.0,11516.0,11516.0,309
kjQyLmoS0JC,31001 Umakunda Rural Municipality,31001,18216.0,18254.0,18292.0,16708.0,16704.0,15529.0,16145.0,16145.0,310
kZSDETMIlBs,31002 Gokulganga Rural Municipality,31002,20810.0,20863.0,20911.0,18360.0,18341.0,16713.0,17023.0,17023.0,310
ofnHcaTRfxi,31003 Likhu Rural Municipality,31003,23519.0,23562.0,23603.0,18667.0,18633.0,17184.0,16967.0,16967.0,310
pS6VQHJLxbH,31004 Ramechhap Municipality,31004,30496.0,30596.0,30693.0,25108.0,25060.0,25072.0,23768.0,23768.0,310
F3Q2FhmSvR9,31005 Manthali  Municipality,31005,47073.0,47188.0,47294.0,40212.0,40149.0,38951.0,37807.0,37807.0,310
SeAeUI4mRO1,31006 Khandadevi Rural Municipality,31006,26341.0,26402.0,26464.0,19370.0,19331.0,18097.0,17597.0,17597.0,310
DIGqwFpoqoL,31007 Doramba Rural Municipality,31007,23107.0,23153.0,23201.0,17517.0,17471.0,16469.0,16287.0,16287.0,310
ax9O5hQ8Z2n,31008 Sunapati Rural Municipality,31008,18476.0,18529.0,18579.0,14602.0,14539.0,13764.0,13650.0,13650.0,310
Cgi5CZddAvb,31101 Dudhouli Municipality,31101,68675.0,69003.0,69325.0,71565.0,71969.0,71773.0,70981.0,70981.0,311
U4kYiiDNknr,31102 Phikkal Rural Municipality,31102,17525.0,17598.0,17671.0,14403.0,14601.0,15640.0,15461.0,15461.0,311
LK5DFWU64XL,31103 Tinpatan Rural Municipality,31103,37855.0,38009.0,38159.0,35218.0,35525.0,34080.0,34117.0,34117.0,311
VppKq6IZeDb,31104 Golanjor Rural Municipality,31104,20399.0,20500.0,20606.0,19080.0,19257.0,18408.0,18383.0,18383.0,311
TnkKgyVJjqP,31105 Kamalamai Municipality,31105,70487.0,70894.0,71295.0,73402.0,73454.0,73224.0,72317.0,72317.0,311
A50ckSZAOpX,31106 Sunkoshi Rural Municipality,31106,23136.0,23259.0,23380.0,18166.0,18258.0,18071.0,17392.0,17392.0,311
iEXW2lBlpe5,31107 Ghyanglekha Rural Municipality,31107,14070.0,14122.0,14172.0,12743.0,12887.0,12406.0,12224.0,12224.0,311
lIDmub972Qv,31108 Marin Rural Municipality,31108,28571.0,28680.0,28784.0,29068.0,29438.0,28533.0,28803.0,28803.0,311
iDxjEAywhqD,31109 Hariharpurgaghi Rural Municipality,31109,28243.0,28341.0,28436.0,26918.0,27328.0,26275.0,25904.0,25904.0,311
xAsNu4wwdwe,31201 Indrasarowar Rural Municipality,31201,15106.0,15257.0,15409.0,13772.0,13869.0,13494.0,13322.0,13322.0,312
Sqc4yQCbl8m,31202 Thaha Municipality,31202,45646.0,46098.0,46559.0,39205.0,39473.0,39604.0,37727.0,37727.0,312
a0T4qfqJY1P,31203 Kailash Rural Municipality,31203,25555.0,25773.0,25990.0,22039.0,22344.0,21750.0,21080.0,21080.0,312
JLE1LepTKt0,31204 Raksirang Rural Municipality,31204,27965.0,28187.0,28414.0,25928.0,26290.0,25954.0,25682.0,25682.0,312
mGacVlqIv3w,31205 Manahari Rural Municipality,31205,42262.0,42665.0,43068.0,47208.0,47607.0,48220.0,49793.0,49793.0,312
F8qQLRVW1V6,31206 Hetauda Sub-Metropolitan City,31206,169673.0,171570.0,173453.0,196138.0,197337.0,202221.0,205144.0,205144.0,312
G3hlaNbqWlq,31207 Bhimphedi Rural Municipality,31207,27163.0,27475.0,27787.0,21654.0,21820.0,22534.0,20809.0,20809.0,312
GUiARD69vqI,31208 Makawanpurgadhi Rural Municipality,31208,27261.0,27501.0,27739.0,24286.0,24505.0,24631.0,23978.0,23978.0,312
a9v445HgSvW,31209 Bakaiya Rural Municipality,31209,42262.0,42618.0,42970.0,40740.0,41182.0,41163.0,40877.0,40877.0,312
TmF0dOJwkow,31210 Bagmati Rural Municipality,31210,32661.0,32940.0,33224.0,30677.0,31013.0,30722.0,30102.0,30102.0,312
DX8NaqVcuB9,31301 Rapti Municipality,31301,70497.0,71893.0,73307.0,66941.0,67912.0,68439.0,68595.0,68595.0,313
dIazHm6ngNe,31302 Kalika Municipality,31302,52912.0,53993.0,55093.0,53511.0,54206.0,53696.0,54787.0,54787.0,313
bYsQAubQrYU,31303 Ichchha Kamana Rural Municipality,31303,29491.0,30020.0,30557.0,27519.0,27905.0,24745.0,28167.0,28167.0,313
T3Fa8euLX3d,31304 Bharatpur Metropolitan City,31304,333046.0,339840.0,346747.0,376197.0,380003.0,389938.0,395706.0,395706.0,313
rD5w89J2sXT,31305 Ratnanagar Municipality,31305,81638.0,83271.0,84925.0,91168.0,92359.0,93585.0,95706.0,95706.0,313
mEWltvmejLJ,31306 Khairahani Municipality,31306,66277.0,67601.0,68942.0,69653.0,70398.0,69534.0,70329.0,70329.0,313
KIBbwbvjwaR,31307 Madi Municipality,31307,44218.0,45056.0,45903.0,38818.0,39350.0,39022.0,38083.0,38083.0,313
AQ2SELcTGFP,40101 Chumanubri Rural Municipality,40101,7174.0,7102.0,7033.0,6882.0,6982.0,5615.0,5617.0,5617.0,401
ckHDueeccRO,40102 Ajirkot Rural Municipality,40102,14409.0,14223.0,14039.0,13042.0,13189.0,12057.0,12008.0,12008.0,401
CfshIuUoZCa,40103 Sulikot Rural Municipality,40103,23007.0,22697.0,22384.0,23282.0,23548.0,21342.0,21681.0,21681.0,401
eTrK1SZ2dxk,40104 Dharche Rural Municipality,40104,12384.0,12227.0,12073.0,14639.0,14846.0,13390.0,14429.0,14429.0,401
W5rn6JqkqWQ,40105 Aarughat Rural Municipality,40105,21979.0,21680.0,21393.0,21975.0,22223.0,20354.0,20738.0,20738.0,401
ddOI93zq9oN,40106 Bhimsen Rural Municipality,40106,20028.0,19760.0,19500.0,17161.0,17309.0,16244.0,15601.0,15601.0,401
YSLRx59DlQr,40107 Siranchowk Rural Municipality,40107,21623.0,21345.0,21074.0,19905.0,20094.0,18620.0,18529.0,18529.0,401
mmprlbjqz1Q,40108 Palungtar Municipality,40108,35162.0,34711.0,34264.0,37394.0,37775.0,36893.0,36824.0,36824.0,401
KrUSn9d3nzS,40109 Gorkha Municipality,40109,48737.0,48182.0,47603.0,54174.0,54660.0,52038.0,52886.0,52886.0,401
YqZKl4lSpmW,40110 Shahid Lakhan Rural Municipality,40110,25264.0,24934.0,24605.0,22492.0,22716.0,22138.0,21709.0,21709.0,401
jUedBFxq6SW,40111 Gandaki Rural Municipality,40111,21274.0,20984.0,20700.0,21715.0,21949.0,20167.0,20676.0,20676.0,401
KOWaCIos3Lj,40201 Narapabhumi Rural Municipality,40201,542.0,539.0,535.0,445.0,458.0,431.0,359.0,359.0,402
hEMU333JF04,40202 Manang Ngisyang Rural Municipality,40202,2357.0,2342.0,2329.0,1684.0,1744.0,1793.0,1437.0,1437.0,402
ZeVizvQzOF0,40203 Chame Rural Municipality,40203,1390.0,1391.0,1392.0,1843.0,1826.0,1829.0,1309.0,1309.0,402
NkmeHh5GPgn,40204 Nashon Rural Municipality,40204,2073.0,2058.0,2042.0,1712.0,1780.0,1828.0,1585.0,1585.0,402
kyO0b88KERK,40301 Dalome Rural Municipality,40301,1350.0,1327.0,1304.0,1545.0,1613.0,1430.0,1243.0,1243.0,403
OlIvrs1zFmF,40302 Gharpajhong Rural Municipality,40302,3295.0,3224.0,3154.0,4910.0,5124.0,5421.0,3896.0,3896.0,403
Bqv2TrnSkXS,40303 Bahragaun Muktikshetra Rural Municipality,40303,2295.0,2253.0,2217.0,2629.0,2747.0,2541.0,1938.0,1938.0,403
KiNxPkMzj8m,40304 Lomanthang Rural Municipality,40304,2075.0,2035.0,1989.0,2012.0,2099.0,1685.0,1305.0,1305.0,403
uyBa1m2x09F,40305 Thasang Rural Municipality,40305,2816.0,2748.0,2681.0,3603.0,3755.0,3883.0,2811.0,2811.0,403
YXEeP5pYtvq,40401 Annapurna Rural Municipality,40401,13110.0,13079.0,13047.0,12876.0,12778.0,11925.0,11932.0,11932.0,404
h0biFY8WQEK,40402 Raghuganga Rural Municipality,40402,15441.0,15389.0,15331.0,15151.0,14957.0,14011.0,13541.0,13541.0,404
WWTyL8WoLTK,40403 Dhawalagiri Rural Municipality,40403,13559.0,13493.0,13425.0,12616.0,12687.0,12058.0,12095.0,12095.0,404
ckctcLLSYW2,40404 Malika Rural Municipality,40404,18620.0,18514.0,18412.0,18365.0,18468.0,17739.0,17932.0,17932.0,404
A4ASYhangp4,40405 Mangala Rural Municipality,40405,15873.0,15794.0,15716.0,14782.0,14837.0,14192.0,14115.0,14115.0,404
hCCeMTw69UU,40406 Beni Municipality,40406,34929.0,34813.0,34693.0,33650.0,33633.0,32767.0,32147.0,32147.0,404
ucVF5gpZ8D1,40501 Madi Rural Municipality,40501,21183.0,21561.0,21937.0,16352.0,16571.0,15823.0,15449.0,15449.0,405
Jlabga4mmIy,40502 Machhapuchchhre Rural Municipality,40502,25607.0,26076.0,26545.0,22063.0,22395.0,22534.0,22970.0,22970.0,405
SFZBuUvoplo,40503 Annapurna Rural Municipality,40503,27416.0,27891.0,28374.0,22568.0,22899.0,21851.0,21514.0,21514.0,405
EmYULdguYAk,40504 Pokhara Metropolitan City,40504,479963.0,489272.0,498731.0,525336.0,533049.0,539043.0,545176.0,545176.0,405
cXN4tjQ9drh,40505 Rupa Rural Municipality,40505,16863.0,17162.0,17460.0,14771.0,14955.0,14695.0,14849.0,14849.0,405
aM55chvJhun,40601 Dordi Rural Municipality,40601,18314.0,18335.0,18357.0,15647.0,15696.0,14396.0,15314.0,15314.0,406
EaAPclkdZck,40602 Marshyangdi Rural Municipality,40602,19152.0,19190.0,19219.0,17278.0,17352.0,15430.0,16451.0,16451.0,406
HNoO3MOxRs6,40603 Kwhola Sothar Rural Municipality,40603,10187.0,10201.0,10218.0,8012.0,8039.0,7222.0,7373.0,7373.0,406
FrZNY9SBOmG,40604 Madhya Nepal Municipality,40604,23901.0,23927.0,23956.0,21381.0,21432.0,21755.0,21362.0,21362.0,406
Va2R0WOfjZK,40605 Besishahar Municipality,40605,42553.0,42681.0,42797.0,38587.0,38722.0,38000.0,37534.0,37534.0,406
ptQeZdRtd7j,40606 Sundarbazar Municipality,40606,27668.0,27719.0,27764.0,26874.0,26928.0,26786.0,26820.0,26820.0,406
aATZkONVmES,40607 Rainas Municipality,40607,18661.0,18678.0,18698.0,17215.0,17247.0,17184.0,16919.0,16919.0,406
MBPs5x5ajKs,40608 Dudhapokhari Rural Municipality,40608,10994.0,11008.0,11024.0,8563.0,8581.0,7824.0,7928.0,7928.0,406
CPAdGKO7IuX,40701 Bhanu Municipality,40701,48614.0,48972.0,49324.0,43297.0,43556.0,42879.0,41548.0,41548.0,407
KBnzTHkoeM0,40702 Byas Municipality,40702,76276.0,76838.0,77408.0,81042.0,81742.0,79324.0,80797.0,80797.0,407
MO5gPhUVx1t,40703 Myagde Rural Municipality,40703,23721.0,23882.0,24046.0,23411.0,23583.0,22068.0,23659.0,23659.0,407
ZkUs4cVAgqm,40704 Shuklagandaki Municipality,40704,53320.0,53734.0,54146.0,55818.0,56286.0,56215.0,57288.0,57288.0,407
wZeA8yZcimo,40705 Bhimad Municipality,40705,32934.0,33152.0,33365.0,33120.0,33364.0,29463.0,28380.0,28380.0,407
nwHgeTvu876,40706 Ghiring Rural Municipality,40706,20151.0,20264.0,20374.0,15061.0,15193.0,13427.0,13023.0,13023.0,407
dSOcyKXtRHv,40707 Rhishing Rural Municipality,40707,26859.0,27005.0,27145.0,18848.0,19017.0,16623.0,15961.0,15961.0,407
WObZearD2p5,40708 Devghat Rural Municipality,40708,17381.0,17492.0,17600.0,15535.0,15516.0,13895.0,14024.0,14024.0,407
BVLET8oBWxi,40709 Bandipur Rural Municipality,40709,21269.0,21421.0,21574.0,19513.0,19640.0,17561.0,17944.0,17944.0,407
JdeVl61mwFO,40710 Aanbu Khaireni Rural Municipality,40710,22378.0,22537.0,22697.0,22381.0,22594.0,21460.0,22470.0,22470.0,407
kF2r78Cx9jX,40801 Gaidakot Municipality,40801,66007.0,66941.0,67892.0,80945.0,82272.0,81930.0,85620.0,85620.0,408
wIOJ0eVF34c,40802 Bulingtar Rural Municipality,40802,20977.0,21219.0,21464.0,14640.0,14913.0,14173.0,13416.0,13416.0,408
aU6oNY86CMb,40803 Bungdikali Rural Municipality,40803,17245.0,17447.0,17646.0,11371.0,11571.0,11017.0,10217.0,10217.0,408
TOA9PlmWliy,40804 Hupsekot Rural Municipality,40804,27631.0,27970.0,28313.0,26941.0,27431.0,26004.0,26763.0,26763.0,408
nx5muIcTFJu,40805 Devchuli Municipality,40805,47599.0,48263.0,48921.0,59556.0,60526.0,58923.0,62757.0,62757.0,408
aPYWk1hRPYY,40806 Kawasoti Municipality,40806,69667.0,70615.0,71572.0,87464.0,88872.0,89223.0,94528.0,94528.0,408
e5LLR9BS5yO,40807 Madhya Bindu Municipality,40807,60353.0,61150.0,61949.0,61710.0,62748.0,61368.0,62624.0,62624.0,408
yWuhof8ZxbV,40808 Binayi Tribeni Rural Municipality,40808,36732.0,37215.0,37703.0,39502.0,40144.0,38341.0,39687.0,39687.0,408
aM1i0dQi3ox,40901 Putalibazar Municipality,40901,41011.0,40329.0,39626.0,42512.0,42779.0,40413.0,40478.0,40478.0,409
wqUu19NIUqZ,40902 Phedikhola Rural Municipality,40902,10976.0,10775.0,10582.0,10799.0,10885.0,9462.0,10412.0,10412.0,409
u6No0Isa7dv,40903 Aandhikhola Rural Municipality,40903,14557.0,14274.0,13998.0,14988.0,15106.0,11514.0,12110.0,12110.0,409
tzwC5guXi9i,40904 Arjun Choupari Rural Municipality,40904,14189.0,13907.0,13633.0,14114.0,14239.0,12090.0,13348.0,13348.0,409
VngHSEILZUe,40905 Bhirkot Municipaity,40905,22736.0,22317.0,21904.0,22656.0,22844.0,21773.0,21646.0,21646.0,409
txbxUOKFj4k,40906 Biruwa Rural Municipality,40906,16219.0,15913.0,15615.0,13920.0,14036.0,12103.0,12808.0,12808.0,409
zWN7lMJ8DIY,40907 Harinas Rural Municipality,40907,15308.0,15016.0,14727.0,12998.0,13118.0,11470.0,12068.0,12068.0,409
M3ObAyvipp5,40908 Chapakot Municipality,40908,23253.0,22815.0,22383.0,22984.0,23156.0,22331.0,21941.0,21941.0,409
sYffyMFZFcY,40909 Walling Municipality,40909,46422.0,45562.0,44721.0,51153.0,51635.0,48762.0,49773.0,49773.0,409
deDcEgmY79F,40910 Galyang Municipality,40910,33764.0,33110.0,32470.0,31173.0,31485.0,30112.0,29021.0,29021.0,409
khbmnjhVw6M,40911 Kaligandaki Rural Municipality,40911,19435.0,19071.0,18715.0,18032.0,18190.0,15655.0,16826.0,16826.0,409
BfVFDcrQ4c9,41001 Modi Rural Municipality,41001,21417.0,21416.0,21418.0,18018.0,18045.0,17182.0,17953.0,17953.0,410
ctacaAbr1hR,41002 Jaljala Rural Municipality,41002,22055.0,22069.0,22085.0,21384.0,21430.0,19754.0,20814.0,20814.0,410
OghqD7YRDP9,41003 Kushma Municipality,41003,41598.0,41663.0,41713.0,39134.0,39109.0,37220.0,37305.0,37305.0,410
UOfRfLoQcDc,41004 Phalebas Municipality,41004,24732.0,24731.0,24728.0,20726.0,20722.0,19864.0,19198.0,19198.0,410
YSlivU7ElaL,41005 Mahashila Rural Municipality,41005,9808.0,9807.0,9805.0,8232.0,8235.0,7512.0,7595.0,7595.0,410
TfaB2muU8a0,41006 Bihadi Rural Municipality,41006,13343.0,13331.0,13328.0,12522.0,12547.0,9898.0,10080.0,10080.0,410
d7E7YIncDUK,41007 Paiyu Rural Municipality,41007,15384.0,15375.0,15357.0,12705.0,12716.0,11776.0,11928.0,11928.0,410
JX80Qhtamvy,41101 Baglung Municipality,41101,63947.0,64403.0,64860.0,58394.0,59133.0,55236.0,55061.0,55061.0,411
RALVkjcxCmw,41102 Kathekhola Rural Municipality,41102,27299.0,27434.0,27570.0,23000.0,23317.0,20769.0,21375.0,21375.0,411
XFE1qeAnWfW,41103 Tarakhola Rural Municipality,41103,12588.0,12657.0,12722.0,9316.0,9482.0,9356.0,9537.0,9537.0,411
MC8LYtFGC0z,41104 Tamankhola Rural Municipality,41104,11071.0,11126.0,11177.0,11307.0,11531.0,9116.0,9698.0,9698.0,411
slRFdUoESdt,41105 Dhorpatan Municipality,41105,27556.0,27690.0,27819.0,31064.0,31646.0,29560.0,30969.0,30969.0,411
uYoqkSry0gN,41106 Nisikhola Rural Municipality,41106,23998.0,24081.0,24164.0,23293.0,23794.0,21313.0,22840.0,22840.0,411
TlXDFMCSr7E,41107 Badigad Rural Municipality,41107,31953.0,32087.0,32220.0,28887.0,29458.0,26810.0,27990.0,27990.0,411
Jhlufw6stpU,41108 Galkot Municipality,41108,34750.0,34945.0,35139.0,30582.0,31062.0,29672.0,29600.0,29600.0,411
FQn7IHD6JHR,41109 Bareng Rural Municipality,41109,14968.0,15036.0,15099.0,11192.0,11383.0,10354.0,10246.0,10246.0,411
gtToi9UsdzQ,41110 Jaimuni Municipality,41110,33365.0,33534.0,33702.0,24849.0,25238.0,24011.0,22601.0,22601.0,411
ZWKia1zshTm,50101 Putha Uttanganga Rural Municipality,50101,19630.0,19828.0,20034.0,19418.0,19559.0,17860.0,17860.0,17860.0,501
LuBkxJ50bKr,50102 Sisne Rural Municipality,50102,17848.0,18024.0,18198.0,18794.0,19068.0,18516.0,18516.0,18516.0,501
qNdDbnter5g,50103 Bhoome Rural Municipality,50103,20087.0,20274.0,20455.0,19880.0,20159.0,19626.0,19626.0,19626.0,501
uZHgBUrBFiw,50201 Sunchhahari Rural Municipality,50201,16896.0,17005.0,17110.0,17317.0,17553.0,16962.0,16962.0,16962.0,502
YRQqsimTukd,50202 Thabang Rural Municipality,50202,11624.0,11695.0,11764.0,11031.0,11178.0,10662.0,10662.0,10662.0,502
JOFQcGku0Bj,50203 Paribartan Rural Municipality,50203,21800.0,21905.0,22016.0,22044.0,22324.0,21373.0,21373.0,21373.0,502
pm1YkHRJxZf,50204 Gangadev Rural Municipality,50204,20684.0,20770.0,20862.0,21796.0,22168.0,21406.0,21406.0,21406.0,502
jyzaWGbY6vG,50205 Madi Rural Municipality,50205,19042.0,19146.0,19250.0,18052.0,18294.0,17798.0,17798.0,17798.0,502
vTlkJzpiQKs,50206 Tribeni Rural Municipality,50206,25711.0,25871.0,26034.0,23242.0,23573.0,23131.0,23131.0,23131.0,502
QWWihVPHhq0,50207 Rolpa Municipality,50207,36787.0,37059.0,37305.0,36911.0,37002.0,35702.0,35702.0,35702.0,502
JWW0mCd4cEs,50208 Runtigadhi Rural Municipality,50208,29773.0,29933.0,30097.0,29169.0,29639.0,28171.0,28171.0,28171.0,502
Lc1kr8bTyYM,50209 Sunil Smriti Rural Municipality,50209,29315.0,29464.0,29621.0,30588.0,31014.0,30342.0,30342.0,30342.0,502
p0LUiD491Qx,50210 Lungri Rural Municipality,50210,24271.0,24392.0,24506.0,26604.0,27025.0,26223.0,26223.0,26223.0,502
xLz1yz1FdED,50301 Gaumukhi Rural Municipality,50301,26390.0,26541.0,26692.0,26081.0,26582.0,24841.0,24841.0,24841.0,503
NhzpDUmOnX1,50302 Naubahini Rural Municipality,50302,31588.0,31768.0,31949.0,32621.0,33236.0,31599.0,31599.0,31599.0,503
Kk6Rb9uAb3d,50303 JHIMRUK RURAL MUNICIPALITY,50303,29213.0,29364.0,29521.0,26557.0,26988.0,25263.0,25263.0,25263.0,503
yiATnGd1BVI,50304 Pyuthan Municipality,50304,42986.0,43318.0,43623.0,42251.0,42825.0,41477.0,41477.0,41477.0,503
MEAf91SGUMb,50305 SWARGADWARI MUNICIPALITY,50305,32683.0,32878.0,33077.0,32214.0,32765.0,31659.0,31659.0,31659.0,503
aTs11VMpZhZ,50306 Mandavi Rural Municipality,50306,15773.0,15866.0,15960.0,15818.0,16084.0,15175.0,15175.0,15175.0,503
dXlL4KSKWt8,50307 Mallarani Rural Municipality,50307,18828.0,18942.0,19052.0,17033.0,16910.0,15442.0,15442.0,15442.0,503
xE2NOY84Rnl,50308 AIRAWATI RURAL MUNICIPALITY,50308,23390.0,23522.0,23652.0,20457.0,20796.0,19585.0,19585.0,19585.0,503
pFBMPRDcabz,50309 Sarumarani Rural Municipality,50309,19451.0,19552.0,19661.0,19421.0,19742.0,19047.0,19047.0,19047.0,503
cbWHy3GuGSx,50401 Kali Gandaki Rural Municipality,50401,17538.0,17316.0,17100.0,15128.0,15256.0,14001.0,14001.0,14001.0,504
wS3hGPGJ5F3,50402 Satyawoti Rural Municipality,50402,22285.0,22030.0,21780.0,19776.0,19910.0,18085.0,18085.0,18085.0,504
xnEfw3zQ0ge,50403 Chandrakot Rural Municipality,50403,20396.0,20147.0,19905.0,18772.0,18914.0,17513.0,17513.0,17513.0,504
Aqx5bnogLPJ,50404 Musikot Municipality,50404,30545.0,30168.0,29791.0,28799.0,29035.0,27407.0,27407.0,27407.0,504
RfHnzEUDdXD,50405 Isma Rural Municipality,50405,19285.0,19039.0,18798.0,18555.0,18717.0,17490.0,17490.0,17490.0,504
KdxSxjtMLdr,50406 Malika Rural Municipality,50406,19960.0,19694.0,19429.0,20204.0,20388.0,19125.0,19125.0,19125.0,504
lx9rLUtsojg,50407 Madane Rural Municipality,50407,20170.0,19907.0,19641.0,19854.0,20068.0,18838.0,18838.0,18838.0,504
LbwlY7AUuoO,50408 Dhurkot Rural Municipality,50408,20638.0,20375.0,20121.0,18722.0,18863.0,17766.0,17766.0,17766.0,504
xWscpDITtKT,50409 Resunga Municipality,50409,31973.0,31620.0,31251.0,32003.0,32262.0,30316.0,30316.0,30316.0,504
N6qQtnkpek0,50410 Gulmi Durbar Rural Municipality,50410,20400.0,20156.0,19909.0,19434.0,19561.0,18003.0,18003.0,18003.0,504
c6YGJbse4zV,50411 Chhatrakot Rural Municipality,50411,19937.0,19710.0,19482.0,19260.0,19385.0,17991.0,17991.0,17991.0,504
BvUU5JiQxxL,50412 Rurukshetra Rural Municipality,50412,17305.0,17104.0,16908.0,16655.0,16750.0,15391.0,15391.0,15391.0,504
TfXLISHWMds,50501 Chhatradev Rural Municipality,50501,25388.0,25425.0,25455.0,21712.0,21844.0,19271.0,19271.0,19271.0,505
n4WyWRzfTV1,50502 Malarani Rural Municipality,50502,28263.0,28298.0,28333.0,23829.0,24024.0,21435.0,21435.0,21435.0,505
G4tF7L9A53i,50503 Bhumikasthan Municipality,50503,33032.0,33072.0,33114.0,28357.0,28614.0,27397.0,27397.0,27397.0,505
aGaKLs573SL,50504 Sandhikharka Municipality,50504,44293.0,44444.0,44594.0,43184.0,43445.0,41488.0,41488.0,41488.0,505
OV88QAACq49,50505 Panini Rural Municipality,50505,26620.0,26661.0,26699.0,22358.0,22534.0,19716.0,19716.0,19716.0,505
FKmy9u2N6bi,50506 Shitaganga Municipality,50506,44339.0,44383.0,44420.0,38012.0,38419.0,36513.0,36513.0,36513.0,505
wlbToQ1QwgX,50601 Rampur Municipality,50601,33963.0,33700.0,33439.0,39447.0,40163.0,40957.0,40957.0,40957.0,506
Jr8S8L8kRnR,50602 Purbakhola Rural Municipality,50602,18458.0,18297.0,18134.0,16193.0,16512.0,15278.0,15278.0,15278.0,506
r7SYGwmQrDC,50603 Rambha Rural Municipality,50603,19068.0,18909.0,18752.0,17134.0,17448.0,16372.0,16372.0,16372.0,506
IP8iwk6mPzl,50604 Baganaskali Rural Municipality,50604,20358.0,20219.0,20078.0,17037.0,17320.0,17615.0,17615.0,17615.0,506
f7uYPBZIlpR,50605 Tansen Municipality,50605,52172.0,51899.0,51614.0,53670.0,54342.0,51264.0,51264.0,51264.0,506
mlsVdmg9h5Q,50606 Ribdikot Rural Municipality,50606,17778.0,17650.0,17517.0,15695.0,15959.0,14807.0,14807.0,14807.0,506
p0awRGLIfjx,50607 Rainadevi Chhahara Rural Municipality,50607,25057.0,24851.0,24644.0,23854.0,24124.0,22296.0,22296.0,22296.0,506
JklR3e6RGTr,50608 Tinau Rural Municipality,50608,18508.0,18367.0,18230.0,18352.0,18745.0,16943.0,16943.0,16943.0,506
KBOIBsIq9R7,50609 Mathagadhi Rural Municipality,50609,23846.0,23662.0,23476.0,24099.0,24556.0,22682.0,22682.0,22682.0,506
RGfG4rzHv7x,50610 Nisdi Rural Municipality,50610,21509.0,21321.0,21140.0,17689.0,18072.0,17135.0,17135.0,17135.0,506
zXbXMAjhNVZ,50701 Bardaghat Municipality,50701,68340.0,69243.0,70150.0,75219.0,76444.0,79189.0,79189.0,79189.0,507
cMni1fmiBhC,50702 Sunawal Municipality,50702,62653.0,63473.0,64295.0,73143.0,74320.0,74997.0,74997.0,74997.0,507
vpjSGFCbvE7,50703 Ramgram Municipality,50703,67111.0,68081.0,69059.0,64763.0,65807.0,64992.0,64992.0,64992.0,507
tg2UgwXajLz,50704 Palhinandan Rural Municipality,50704,38995.0,39473.0,39958.0,40744.0,41403.0,38634.0,38634.0,38634.0,507
qrfWBT9SNii,50705 Sarawal Rural Municipality,50705,41497.0,42038.0,42582.0,42333.0,43074.0,42554.0,42554.0,42554.0,507
NeOKb340xom,50706 Pratapapur Rural Municipality,50706,50288.0,50959.0,51634.0,50472.0,51376.0,50082.0,50082.0,50082.0,507
Q3I95yshdeq,50707 Susta Rural Municipality,50707,39625.0,40113.0,40604.0,39917.0,40658.0,41084.0,41084.0,41084.0,507
dubj3bHIuwU,50801 Devdaha Municipality,50801,63202.0,64514.0,65848.0,71997.0,73193.0,75306.0,75306.0,75306.0,508
gE2JavhfKh8,50802 Butwal Sub-Metropolitan City,50802,167825.0,171595.0,175440.0,195565.0,198799.0,208306.0,208306.0,208306.0,508
LHlCGNNM8nF,50803 Sainamaina Municipality,50803,67511.0,68932.0,70374.0,79378.0,80458.0,82406.0,82406.0,82406.0,508
tzmIM8cMWUM,50804 Kanchan Rural Municipality,50804,38926.0,39725.0,40533.0,42655.0,43332.0,44171.0,44171.0,44171.0,508
u32KVYtm4F5,50805 Gaidahawa Rural Municipality,50805,55633.0,56735.0,57853.0,56709.0,57843.0,57286.0,57286.0,57286.0,508
IowlrcJuWwg,50806 Suddhodhan Rural Municipality,50806,40645.0,41465.0,42300.0,41587.0,42303.0,42755.0,42755.0,42755.0,508
OdmWg0ISpZw,50807 Siyari Rural Municipality,50807,45357.0,46300.0,47260.0,45505.0,46287.0,46018.0,46018.0,46018.0,508
YCPqJYFT5dV,50808 Tilottama Municipality,50808,118949.0,121521.0,124136.0,150008.0,152244.0,156369.0,156369.0,156369.0,508
Kz7sKOELAth,50809 Om Satiya Rural Municipality,50809,40291.0,41128.0,41982.0,41198.0,41938.0,41835.0,41835.0,41835.0,508
OQ45vAhGNNx,50810 Rohini Rural Municipality,50810,43563.0,44440.0,45331.0,43407.0,44230.0,44084.0,44084.0,44084.0,508
rA6JEBcbzki,50811 Siddharthanagar Municipality,50811,76892.0,78629.0,80401.0,76510.0,77778.0,76537.0,76537.0,76537.0,508
DUyrbiuup9f,50812 Mayadevi Rural Municipality,50812,55163.0,56272.0,57396.0,57963.0,58973.0,57712.0,57712.0,57712.0,508
ITx7KCEx8FO,50813 Lumbini Sanskritik Municipality,50813,84722.0,86392.0,88086.0,88431.0,90316.0,89149.0,89149.0,89149.0,508
GTIQpbx8nPD,50814 Kotahimai Rural Municipality,50814,48053.0,49051.0,50063.0,46567.0,47511.0,46725.0,46725.0,46725.0,508
pPbkIIGKxTf,50815 Sammarimai Rural Municipality,50815,44921.0,45842.0,46772.0,43445.0,44366.0,43821.0,43821.0,43821.0,508
uJxkS4JRVaJ,50816 Marchawari Rural Municipality,50816,45457.0,46399.0,47356.0,41193.0,42024.0,41434.0,41434.0,41434.0,508
HXvoe91QCtL,50901 Banganga Municipality,50901,87773.0,89280.0,90803.0,97413.0,99014.0,100921.0,100921.0,100921.0,509
HL9tr2v5Ekd,50902 Buddhabhumi Municipality,50902,75002.0,76285.0,77576.0,77932.0,79384.0,78668.0,78668.0,78668.0,509
E9DBRm8T3U9,50903 Shivaraj Municipality,50903,76331.0,77615.0,78913.0,85056.0,86826.0,87493.0,87493.0,87493.0,509
k4A8ETgxdkZ,50904 Bijayanagar Rural Municipality,50904,42084.0,42821.0,43567.0,43654.0,44652.0,43858.0,43858.0,43858.0,509
t5SAADE3GA6,50905 Krishnanagar Municipality,50905,71162.0,72408.0,73664.0,71414.0,72995.0,71805.0,71805.0,71805.0,509
uxG1PtRsuGp,50906 Maharajganj Municipality,50906,62476.0,63553.0,64644.0,65962.0,67471.0,65866.0,65866.0,65866.0,509
pd1zu9cgxMT,50907 Kapilbastu Municipality,50907,88054.0,89546.0,91072.0,91287.0,92860.0,91392.0,91392.0,91392.0,509
ZaM840fa3qQ,50908 Yasodhara Rural Municipality,50908,44436.0,45209.0,45986.0,45333.0,46376.0,45771.0,45771.0,45771.0,509
A2wIau57qEM,50909 Mayadevi Rural Municipality,50909,55004.0,55914.0,56834.0,57391.0,58709.0,57081.0,57081.0,57081.0,509
dLEIDoJr160,50910 Shuddhodhan Rural Municipality,50910,51189.0,52043.0,52905.0,53649.0,54902.0,54038.0,54038.0,54038.0,509
WMm4dtLoyR0,51001 Bangalachuli Rural Municipality,51001,27277.0,27712.0,28154.0,22956.0,23458.0,22681.0,22681.0,22681.0,510
VcF5bn0dGEP,51002 Ghorahi Sub-Metropolitan City,51002,182449.0,185690.0,188950.0,203094.0,205827.0,205150.0,205150.0,205150.0,510
gvkv2hCpAS3,51003 Tulsipur Sub-Metropolitan City,51003,164118.0,167014.0,169950.0,182039.0,184531.0,184476.0,184476.0,184476.0,510
MMADUK9D3Fi,51004 Shantinagar Rural Municipality,51004,28916.0,29404.0,29906.0,27733.0,28168.0,27925.0,27925.0,27925.0,510
qlfB0yF9ruz,51005 Babai Rural Municipality,51005,31116.0,31632.0,32155.0,31401.0,31922.0,31467.0,31467.0,31467.0,510
qSqjrMwbIvJ,51006 Dangisharan Rural Municipality,51006,24604.0,25031.0,25461.0,23728.0,24080.0,23605.0,23605.0,23605.0,510
LNLe1sdQtNV,51007 Lamahi Municipality,51007,55182.0,56164.0,57162.0,59301.0,60163.0,59665.0,59665.0,59665.0,510
ZxJiWxbQnck,51008 Rapti Rural Municipality,51008,47014.0,47847.0,48690.0,52826.0,53470.0,52606.0,52606.0,52606.0,510
e6uMoYPaXg3,51009 Gadhawa Rural Municipality,51009,44375.0,45142.0,45923.0,46389.0,47114.0,45455.0,45455.0,45455.0,510
buXxVwO9Yq6,51010 Rajpur Rural Municipality,51010,28449.0,28927.0,29410.0,28496.0,29043.0,28145.0,28145.0,28145.0,510
JJrKf4wS7Ve,51101 Rapti Sonari Rural Municipality,51101,72470.0,74083.0,75723.0,67994.0,69341.0,68213.0,68213.0,68213.0,511
SIqTXJ5z1r1,51102 Kohalpur Municipality,51102,86986.0,89004.0,91067.0,101179.0,102904.0,107374.0,107374.0,107374.0,511
WqkOGpZoSuq,51103 Baijanath Rural Municipality,51103,66025.0,67513.0,69033.0,70527.0,71861.0,72825.0,72825.0,72825.0,511
K5b2F4DDUrh,51104 Khajura Rural Municipality,51104,61336.0,62714.0,64122.0,64163.0,65307.0,64660.0,64660.0,64660.0,511
S8AvgmR5HEp,51105 Janaki Rural Municipality,51105,45237.0,46284.0,47355.0,46780.0,47733.0,47182.0,47182.0,47182.0,511
cH1bHmSErN6,51106 Nepalganj Sub-Metropolitan City,51106,169710.0,173794.0,177938.0,167588.0,170598.0,170438.0,170438.0,170438.0,511
xvhiSk2PQP3,51107 Duduwa Rural Municipality,51107,44672.0,45679.0,46704.0,43187.0,44144.0,44214.0,44214.0,44214.0,511
pUqFVjRFjZo,51108 Narainapur Rural Municipality,51108,41843.0,42805.0,43786.0,43847.0,44807.0,44148.0,44148.0,44148.0,511
hn1EFTvM2VY,51201 Bansgadhi Municipality,51201,61610.0,62362.0,63119.0,63544.0,64477.0,64898.0,64898.0,64898.0,512
iwHpr1wY3TV,51202 Barbardiya Municipality,51202,75181.0,76115.0,77053.0,73091.0,74219.0,72977.0,72977.0,72977.0,512
sW7CMn96Vbt,51203 Thakurbaba Municipality,51203,49796.0,50412.0,51031.0,49480.0,50242.0,50643.0,50643.0,50643.0,512
Pnd3b8IsDjJ,51204 Geruwa Rural Municipality,51204,38407.0,38879.0,39351.0,33822.0,34334.0,32368.0,32368.0,32368.0,512
ZIC2hFywSyU,51205 Rajapur Municipality,51205,66484.0,67371.0,68259.0,61624.0,62535.0,61017.0,61017.0,61017.0,512
ch8QqKzMNi4,51206 Madhuwan Municipality,51206,51629.0,52271.0,52919.0,51402.0,52139.0,51454.0,51454.0,51454.0,512
AyKEcjoYtPd,51207 Gulariya Municipality,51207,75357.0,76341.0,77337.0,76733.0,77452.0,75526.0,75526.0,75526.0,512
QzjoCwWDGN4,51208 Badhaiyatal Rural Municipality,51208,53227.0,53915.0,54605.0,52223.0,52943.0,51225.0,51225.0,51225.0,512
KvcqomyqdO2,60101 Dolpo Buddha Rural Municipality,60101,2426.0,2467.0,2514.0,2473.0,2537.0,2447.0,2447.0,2447.0,601
BTNgGMBsVor,60102 Shey Phoksundo Rural Municipality,60102,3659.0,3724.0,3787.0,3734.0,3823.0,3641.0,3641.0,3641.0,601
jBGwG3a6zWb,60103 Jagadulla Rural Municipality,60103,2595.0,2631.0,2674.0,2595.0,2678.0,2624.0,2624.0,2624.0,601
rtxWESQcq0T,60104 Mudkechula Rural Municipality,60104,5681.0,5759.0,5841.0,5905.0,6092.0,5886.0,5886.0,5886.0,601
VDTm4XjVDkr,60105 Tripurasundari Municipality,60105,11514.0,11683.0,11858.0,12361.0,12744.0,12650.0,12650.0,12650.0,601
hu537WWQLab,60106 Thulibheri Municipality,60106,9721.0,9884.0,10034.0,10235.0,10539.0,10434.0,10434.0,10434.0,601
lIXyvI5C64z,60107 Kaike Rural Municipality,60107,4159.0,4229.0,4297.0,4141.0,4255.0,4004.0,4004.0,4004.0,601
xB2Gembbr72,60108 Chharka Tangsong Rural Municipality,60108,1708.0,1734.0,1762.0,1719.0,1763.0,1676.0,1676.0,1676.0,601
ecKPJ6Bonyc,60201 Mugumkarmarog Rural Municipality,60201,6400.0,6513.0,6632.0,7331.0,7519.0,6276.0,6276.0,6276.0,602
wWZNcRGEiwS,60202 Chhayanath Rara Municipality,60202,23181.0,23569.0,23956.0,25811.0,26563.0,25684.0,25684.0,25684.0,602
uLdNzeLGQik,60203 Soru Rural Municipality,60203,13671.0,13888.0,14103.0,14439.0,14900.0,14552.0,14552.0,14552.0,602
m6AswZxJmfG,60204 Khatyad Rural Municipality,60204,19379.0,19666.0,19960.0,19391.0,19959.0,19198.0,19198.0,19198.0,602
qjjjZzVEyW6,60301 Chankheli Rural Municipality,60301,6155.0,6245.0,6340.0,6659.0,6875.0,6851.0,6851.0,6851.0,603
h6i4S2EZfnc,60302 Kharpunath Rural Municipality,60302,6824.0,6928.0,7029.0,7009.0,7225.0,7002.0,7002.0,7002.0,603
l1WW0c90HAQ,60303 Simkot Rural Municipality,60303,13911.0,14152.0,14392.0,12183.0,12507.0,12537.0,12537.0,12537.0,603
uVF6TqkN2xB,60304 Namkha Rural Municipality,60304,5108.0,5208.0,5313.0,4522.0,4619.0,3668.0,3668.0,3668.0,603
PWXmspiItoE,60305 Sarkegad Rural Municipality,60305,11024.0,11193.0,11365.0,11095.0,11444.0,11099.0,11099.0,11099.0,603
svumZiVBh2P,60306 Adanchuli Rural Municipality,60306,7895.0,8011.0,8125.0,8153.0,8430.0,8618.0,8618.0,8618.0,603
eGCj6BVZTex,60307 Tanjakot Rural Municipality,60307,6638.0,6731.0,6826.0,6141.0,6342.0,6365.0,6365.0,6365.0,603
Y3YfD13ZW2K,60401 Patarasi Rural Municipality,60401,16298.0,16546.0,16797.0,16929.0,17225.0,16981.0,16981.0,16981.0,604
KiK0q7eLwHM,60402 Kanaka Sundari Rural Municipality,60402,14981.0,15198.0,15423.0,13724.0,13963.0,13802.0,13802.0,13802.0,604
pkw2YjNgcbF,60403 Sinja Rural Municipality,60403,13416.0,13607.0,13800.0,12778.0,12993.0,12686.0,12686.0,12686.0,604
zvQpN3xs2YZ,60404 Chandannath Municipality,60404,23769.0,24178.0,24583.0,22003.0,22032.0,21506.0,21506.0,21506.0,604
a3hlN7WYENb,60405 Guthichaur Rural Municipality,60405,11106.0,11273.0,11443.0,10919.0,11099.0,11020.0,11020.0,11020.0,604
oKUBLr3LZQU,60406 Tatopani Rural Municipality,60406,16359.0,16607.0,16857.0,15761.0,16005.0,15708.0,15708.0,15708.0,604
OGBAz1Z7iE9,60407 Tila Rural Municipality,60407,14991.0,15202.0,15419.0,14736.0,15013.0,14788.0,14788.0,14788.0,604
RJCTklSgeBt,60408 Hima Rural Municipality,60408,11722.0,11892.0,12058.0,12841.0,13080.0,12461.0,12461.0,12461.0,604
sme6gJAq9SK,60501 Palata Rural Municipality,60501,17184.0,17464.0,17750.0,17722.0,18131.0,17522.0,17522.0,17522.0,605
im7xsl9uLhz,60502 Pachal Jharana Rural Municipality,60502,14071.0,14310.0,14550.0,13722.0,13975.0,13623.0,13623.0,13623.0,605
gaKf8O4iGZi,60503 Raskot Municipality,60503,18636.0,18945.0,19265.0,16518.0,16816.0,17886.0,17886.0,17886.0,605
Yl65r6EKfY1,60504 Sanni Tribeni Rural Municipality,60504,14652.0,14901.0,15147.0,12901.0,13134.0,13491.0,13491.0,13491.0,605
bxspQdWJbyA,60505 Naraharinath Rural Municipality,60505,24287.0,24691.0,25095.0,22484.0,22924.0,22619.0,22619.0,22619.0,605
YqQbkwADI71,60506 Khandachakra Municipality,60506,23716.0,24139.0,24563.0,23411.0,23877.0,22984.0,22984.0,22984.0,605
hgLqgeNWOie,60507 Tilagupha Municipality,60507,17993.0,18285.0,18580.0,16312.0,16649.0,16639.0,16639.0,16639.0,605
xVELZDapXqi,60508 Mahawai Rural Municipality,60508,9486.0,9634.0,9787.0,8360.0,8520.0,8218.0,8218.0,8218.0,605
YHqTgH3yXOX,60509 Kalika Rural Municipality,60509,15858.0,16113.0,16372.0,13945.0,14226.0,13895.0,13895.0,13895.0,605
L5kn1amPA1q,60601 Naumule Rural Municipality,60601,23079.0,23382.0,23687.0,20646.0,21011.0,18650.0,18650.0,18650.0,606
tIBNabgIuJG,60602 Mahabu Rural Municipality,60602,21315.0,21591.0,21867.0,18083.0,18386.0,17352.0,17352.0,17352.0,606
DNNqxNFcyph,60603 Bhairabi Rural Municipality,60603,23732.0,24067.0,24406.0,18033.0,18357.0,18150.0,18150.0,18150.0,606
S0dzRo6mP3N,60604 Thantikandh Rural Municipality,60604,20746.0,21037.0,21331.0,18726.0,19105.0,17698.0,17698.0,17698.0,606
xZmHtrqwcH3,60605 Aathbis Municipality,60605,32273.0,32736.0,33202.0,31935.0,32555.0,31463.0,31463.0,31463.0,606
MzEDM95lVfr,60606 Chamunda Bindrasaini Municipality,60606,28956.0,29359.0,29771.0,26659.0,27183.0,26707.0,26707.0,26707.0,606
kdougX7vIet,60607 Dullu Municipality,60607,46475.0,47120.0,47768.0,39683.0,40350.0,39313.0,39313.0,39313.0,606
TYaXBMXX7nl,60608 Narayan Municipality,60608,32040.0,32544.0,33048.0,25860.0,26238.0,26204.0,26204.0,26204.0,606
upTIN1Trha0,60609 Bhagawatimai Rural Municipality,60609,20507.0,20762.0,21022.0,18416.0,18744.0,17491.0,17491.0,17491.0,606
B1q1jJMuzSo,60610 Dungeshwor Rural Municipality,60610,18060.0,18306.0,18554.0,14633.0,14860.0,13912.0,13912.0,13912.0,606
IJwWcZ3Smdq,60611 Gurans Rural Municipality,60611,24881.0,25243.0,25605.0,21337.0,21691.0,20275.0,20275.0,20275.0,606
YrCAQvqFSFi,60701 Barekot Rural Municipality,60701,20451.0,20784.0,21129.0,22094.0,22448.0,22118.0,22118.0,22118.0,607
vn8qhmMp7ph,60702 Kuse Rural Municipality,60702,23079.0,23446.0,23816.0,23596.0,24026.0,23140.0,23140.0,23140.0,607
FW7FzPv4KXM,60703 Junichande Rural Municipality,60703,24118.0,24483.0,24855.0,23902.0,24398.0,23834.0,23834.0,23834.0,607
x8G6UV6hIbe,60704 Chhedagad Municipality,60704,39586.0,40190.0,40806.0,38137.0,38854.0,39120.0,39120.0,39120.0,607
A0M7yWhXSEE,60705 Shivalaya Rural Municipality,60705,17361.0,17628.0,17893.0,14757.0,15004.0,14868.0,14868.0,14868.0,607
mhJDOp22gkO,60706 Bheri Municipality,60706,40700.0,41414.0,42127.0,38457.0,39011.0,39658.0,39658.0,39658.0,607
HxZFAUdkmSq,60707 Nalagad Municipality,60707,28933.0,29408.0,29884.0,28932.0,29414.0,29963.0,29963.0,29963.0,607
XJBL0CSQyqH,60801 Aathabisakot Municipality,60801,35960.0,36305.0,36654.0,36005.0,36471.0,37269.0,37269.0,37269.0,608
lfvPvTzR3Kt,60802 Sanibheri Rural Municipality,60802,23722.0,23939.0,24160.0,24822.0,25143.0,25576.0,25576.0,25576.0,608
FnQX929N8kc,60803 Banphikot Rural Municipality,60803,20137.0,20323.0,20510.0,20974.0,21204.0,21702.0,21702.0,21702.0,608
udhEfsRJE0r,60804 Musikot Municipality,60804,37287.0,37683.0,38067.0,34965.0,34989.0,35797.0,35797.0,35797.0,608
JXNsFanZyrp,60805 Tribeni Rural Municipality,60805,21037.0,21227.0,21421.0,20562.0,20741.0,21286.0,21286.0,21286.0,608
ON8h8G5JK6h,60806 Chaurjahari Municipality,60806,29964.0,30255.0,30549.0,29300.0,29599.0,30214.0,30214.0,30214.0,608
HXgxCcAIbhS,60901 Darma Rural Municipality,60901,21898.0,22164.0,22431.0,20036.0,20281.0,19760.0,19760.0,19760.0,609
eAdrPiTtmhE,60902 Kumakh Rural Municipality,60902,27423.0,27749.0,28083.0,24900.0,25177.0,24250.0,24250.0,24250.0,609
E3jE9arhqvd,60903 Banagad Kupinde Municipality,60903,39772.0,40279.0,40795.0,33817.0,34190.0,33197.0,33197.0,33197.0,609
if6E8fKPpZJ,60904 Siddha Kumakh Rural Municipality,60904,14895.0,15081.0,15271.0,13156.0,13290.0,12748.0,12748.0,12748.0,609
vOAAQWchu33,60905 Bagachour Municipality,60905,37778.0,38255.0,38743.0,34105.0,34451.0,34122.0,34122.0,34122.0,609
IuhDjmEnWme,60906 Chhatreshwori Rural Municipality,60906,23659.0,23951.0,24241.0,21397.0,21573.0,20797.0,20797.0,20797.0,609
x9TFkDJyQbt,60907 Sharada Municipality,60907,38375.0,38886.0,39387.0,34723.0,34988.0,35219.0,35219.0,35219.0,609
iDN6TSaZZFU,60908 Kalimati Rural Municipality,60908,25460.0,25779.0,26100.0,22533.0,22759.0,21837.0,21837.0,21837.0,609
kyOocfmrOei,60909 Tribeni Rural Municipality,60909,18393.0,18615.0,18838.0,16785.0,16905.0,16313.0,16313.0,16313.0,609
olbtbHw2fT8,60910 Kapurkot Rural Municipality,60910,20174.0,20428.0,20676.0,17578.0,17761.0,17220.0,17220.0,17220.0,609
ZjTMit6BH52,61001 Simta Rural Municipality,61001,30370.0,30938.0,31513.0,24351.0,24697.0,23646.0,23646.0,23646.0,610
hWwQdwjQikK,61002 Chingad Rural Municipality,61002,19721.0,20075.0,20434.0,15792.0,16053.0,15361.0,15361.0,15361.0,610
AWIh6Khl1v3,61003 Lekabeshi Municipality,61003,37113.0,37866.0,38626.0,31938.0,32358.0,32139.0,32139.0,32139.0,610
kfXpzGLJqtq,61004 Gurbhakot Municipality,61004,51578.0,52555.0,53544.0,49569.0,50257.0,48995.0,48995.0,48995.0,610
PjkAYw0M8s9,61005 Bheriganga Municipality,61005,48001.0,48870.0,49740.0,48690.0,49406.0,49510.0,49510.0,49510.0,610
ItuhK7FfBhx,61006 Birendranagar Municipality,61006,124035.0,126593.0,129232.0,159480.0,160630.0,164013.0,164013.0,164013.0,610
Bc5MkPkp7b2,61007 Barahatal Rural Municipality,61007,31086.0,31666.0,32247.0,25622.0,26010.0,25715.0,25715.0,25715.0,610
VBe1utpoMY6,61008 Panchapuri Municipality,61008,36814.0,37471.0,38129.0,36149.0,36727.0,36796.0,36796.0,36796.0,610
ekqIpRijlJ5,61009 Chaukune Rural Municipality,61009,28662.0,29169.0,29672.0,27114.0,27569.0,26458.0,26458.0,26458.0,610
aTZcDT4w3Ml,70101 Himali Rural Municipality,70101,10462.0,10631.0,10796.0,10531.0,10701.0,10091.0,10091.0,10091.0,701
WN5DP9gOQFW,70102 Gaumul Rural Municipality,70102,9554.0,9705.0,9860.0,8790.0,8945.0,8676.0,8676.0,8676.0,701
VMWLWm22iz5,70103 Budhinanda Municipality,70103,21626.0,21977.0,22326.0,20798.0,21132.0,20237.0,20237.0,20237.0,701
dEtwSiS6KNj,70104 Swami Kartik Rural Municipality,70104,14420.0,14635.0,14852.0,13051.0,13292.0,12368.0,12368.0,12368.0,701
nvLzTZY0Ihm,70105 Jagannath Rural Municipality,70105,10655.0,10817.0,10977.0,10236.0,10420.0,10055.0,10055.0,10055.0,701
yIMq6Cqon1V,70106 Badimalika Municipality,70106,19924.0,20254.0,20605.0,18479.0,18762.0,18628.0,18628.0,18628.0,701
tUOPTUihUk9,70107 Khaptad Chhededaha Rural Municipality,70107,20962.0,21282.0,21601.0,19322.0,19647.0,18837.0,18837.0,18837.0,701
c8KxkF0tS5o,70108 Budhiganga Municipality,70108,24176.0,24524.0,24880.0,20122.0,20431.0,20297.0,20297.0,20297.0,701
UwdMA5hDFCB,70109 Tribeni Municipality,70109,20498.0,20812.0,21123.0,18045.0,18388.0,17930.0,17930.0,17930.0,701
pUXnbh3LFwx,70201 Saipal Rural Municipality,70201,2439.0,2477.0,2514.0,2689.0,2737.0,2545.0,2545.0,2545.0,702
yBNQa3DDCMV,70202 Bungal Municipality,70202,37296.0,37838.0,38380.0,33582.0,34168.0,33425.0,33425.0,33425.0,702
OkEamk072ao,70203 Surma Rural Municipality,70203,9966.0,10115.0,10267.0,11285.0,11517.0,10744.0,10744.0,10744.0,702
uyvw1s0w1rY,70204 Talkot Rural Municipality,70204,12904.0,13089.0,13271.0,11892.0,12102.0,11342.0,11342.0,11342.0,702
QIsyvppylxo,70205 Masta Rural Municipality,70205,16588.0,16828.0,17069.0,13620.0,13846.0,12820.0,12820.0,12820.0,702
CEE78o1Vs3o,70206 Jayaprithbi Municipality,70206,25717.0,26088.0,26467.0,22101.0,22418.0,21473.0,21473.0,21473.0,702
hehIZAJVZtd,70207 Chhabis Pathibhara Rural Municipality,70207,18275.0,18526.0,18777.0,14549.0,14772.0,13895.0,13895.0,13895.0,702
Q9Tez14GQoi,70208 Durgathali Rural Municipality,70208,14336.0,14520.0,14709.0,11443.0,11627.0,10815.0,10815.0,10815.0,702
RAnQGp6ruMy,70209 Kedarsyun Rural Municipality,70209,23626.0,23942.0,24263.0,21757.0,22131.0,20619.0,20619.0,20619.0,702
YOLKVYyNcpT,70210 Bitthadchir Rural Municipality,70210,19104.0,19379.0,19656.0,16900.0,17200.0,17179.0,17179.0,17179.0,702
d3rNnxwAscv,70211 Thalara Rural Municipality,70211,19930.0,20193.0,20458.0,16000.0,16250.0,15464.0,15464.0,15464.0,702
RJLKneQiNQQ,70212 Khaptad Chhanna Rural Municipality,70212,17640.0,17876.0,18111.0,13784.0,13985.0,12974.0,12974.0,12974.0,702
dhBrAUPY3Jt,70301 Byas Rural Municipality,70301,11100.0,11194.0,11287.0,10216.0,10292.0,9612.0,9612.0,9612.0,703
NeZFY1za0tu,70302 Duhun Rural Municipality,70302,11652.0,11745.0,11835.0,9924.0,10001.0,9779.0,9779.0,9779.0,703
eP90MO7oR6J,70303 Mahakali Municipality,70303,23920.0,24139.0,24364.0,24601.0,24767.0,24363.0,24363.0,24363.0,703
rwtuzQ0Hl9y,70304 Naugad  Rural Municipality,70304,16588.0,16711.0,16832.0,16472.0,16730.0,15448.0,15448.0,15448.0,703
wBmsLGhrv9S,70305 Apihimal Rural Municipality,70305,7306.0,7370.0,7437.0,7036.0,7116.0,6732.0,6732.0,6732.0,703
MPVGGKIA6G4,70306 Marma Rural Municipality,70306,15957.0,16093.0,16226.0,15614.0,15807.0,15108.0,15108.0,15108.0,703
uR77y1RFLcN,70307 Shailyashikhar Municipality,70307,23814.0,24019.0,24227.0,21960.0,22153.0,22012.0,22012.0,22012.0,703
JlEwd2MMRwF,70308 Malikarjun Rural Municipality,70308,16696.0,16840.0,16980.0,15770.0,15869.0,15471.0,15471.0,15471.0,703
zqnuKR0JAhJ,70309 Lekam Rural Municipality,70309,15785.0,15915.0,16042.0,13652.0,13744.0,13750.0,13750.0,13750.0,703
oIRLgE4GiPP,70401 Dilasaini Rural Municipality,70401,24220.0,24370.0,24515.0,23288.0,23639.0,22174.0,22174.0,22174.0,704
Kb3XH1U4Vqw,70402 Dogada Kedar Rural Municipality,70402,25833.0,25987.0,26135.0,23668.0,23992.0,22386.0,22386.0,22386.0,704
RYcEcFRtMjF,70403 Puchaundi Municipality,70403,41240.0,41490.0,41736.0,38767.0,39420.0,38096.0,38096.0,38096.0,704
ONTOB5B6FXB,70404 Surnaya Rural Municipality,70404,19400.0,19510.0,19616.0,18271.0,18543.0,17384.0,17384.0,17384.0,704
dG2LBoWixMr,70405 Dasharathchand Municipality,70405,37593.0,37843.0,38107.0,31846.0,32221.0,31525.0,31525.0,31525.0,704
mhznFRYIMOj,70406 Pancheshwor Rural Municipality,70406,19468.0,19568.0,19670.0,17819.0,18083.0,17245.0,17245.0,17245.0,704
iCoo4jo8gb7,70407 Shivanath Rural Municipality,70407,17787.0,17885.0,17978.0,18295.0,18603.0,17744.0,17744.0,17744.0,704
A4PA29cyQWN,70408 Melauli Municipality,70408,23533.0,23655.0,23773.0,21044.0,21338.0,20639.0,20639.0,20639.0,704
KpxC0mcU69H,70409 Patan Municipality,70409,32308.0,32500.0,32694.0,28424.0,28831.0,29185.0,29185.0,29185.0,704
nJjfVfRRwiA,70410 Sigas Rural Municipality,70410,22732.0,22882.0,23025.0,23538.0,23924.0,21131.0,21131.0,21131.0,704
bl3DkjJEtPX,70501 Nawadurga Rural Municipality,70501,21700.0,21939.0,22179.0,18805.0,19163.0,18285.0,18285.0,18285.0,705
xqSNZN2Y5M6,70502 Amargadhi Municipality,70502,25329.0,25715.0,26096.0,24863.0,25319.0,24362.0,24362.0,24362.0,705
SZT19NLKHSO,70503 Ajayameru Rural Municipality,70503,18927.0,19144.0,19368.0,15288.0,15563.0,14740.0,14740.0,14740.0,705
J8Rvhw4Whks,70504 Bhageshwor Rural Municipality,70504,15462.0,15638.0,15813.0,13153.0,13413.0,12804.0,12804.0,12804.0,705
lAyJC7MtKl6,70505 Parashuram Municipality,70505,37958.0,38359.0,38762.0,35872.0,36636.0,35876.0,35876.0,35876.0,705
q92qiDR9n1u,70506 Aalital Rural Municipality,70506,20119.0,20344.0,20574.0,18187.0,18586.0,17959.0,17959.0,17959.0,705
TqbInE7SzD9,70507 Ganyapdhura Rural Municipality,70507,16460.0,16643.0,16824.0,13693.0,13936.0,13459.0,13459.0,13459.0,705
sjHpWIiUjdQ,70601 Purbichouki Rural Municipality,70601,22316.0,22303.0,22292.0,21345.0,21859.0,21292.0,21292.0,21292.0,706
rJiz16288V1,70602 Sayal Rural Municipality,70602,19410.0,19405.0,19402.0,20203.0,20694.0,20157.0,20157.0,20157.0,706
kNVwRd9KUhN,70603 Aadarsha Rural Municipality,70603,24222.0,24215.0,24206.0,25004.0,25584.0,24102.0,24102.0,24102.0,706
etsLClmlGvE,70604 Shikhar Municipality,70604,32645.0,32648.0,32646.0,30389.0,31013.0,30031.0,30031.0,30031.0,706
BVIoUYtmRMk,70605 Dipayal Silgadhi Municipality,70605,37309.0,37352.0,37394.0,37039.0,37880.0,34854.0,34854.0,34854.0,706
jIKgcfk3d4I,70606 K.I. Singh Rural Municipality,70606,20850.0,20842.0,20831.0,20901.0,21362.0,20199.0,20199.0,20199.0,706
k5Ig12XBeut,70607 Bogatan Rural Municipality,70607,17960.0,17943.0,17925.0,15976.0,16384.0,15233.0,15233.0,15233.0,706
zhcnfhX1HNv,70608 Badi Kedar Rural Municipality,70608,16835.0,16817.0,16793.0,15143.0,15550.0,14433.0,14433.0,14433.0,706
MGHrhNDK1Un,70609 Jorayal Rural Municipality,70609,22024.0,22010.0,22000.0,20443.0,20938.0,19302.0,19302.0,19302.0,706
A3882Q3TkHF,70701 Panchdebal Binayak Municipality,70701,29875.0,30222.0,30575.0,26381.0,26801.0,25640.0,25640.0,25640.0,707
iwHZRehENDP,70702 Ramaroshan Rural Municipality,70702,27684.0,28016.0,28349.0,22734.0,23110.0,22200.0,22200.0,22200.0,707
pneopnkujAY,70703 Mellekh Rural Municipality,70703,26839.0,27150.0,27467.0,23153.0,23521.0,22266.0,22266.0,22266.0,707
qIfetL3gOAD,70704 Sanphebagar Municipality,70704,38226.0,38703.0,39180.0,26139.0,26454.0,25548.0,25548.0,25548.0,707
lvgQNGCBZLM,70705 Chaurpati Rural Municipality,70705,27225.0,27534.0,27846.0,22461.0,22791.0,20602.0,20602.0,20602.0,707
c8wtEQShCEN,70706 Mangalsen Municipality,70706,36922.0,37407.0,37873.0,27713.0,27829.0,26126.0,26126.0,26126.0,707
dOTm9tn1TvO,70707 Bannigadhi Jayagadh Rural Municipality,70707,19186.0,19402.0,19623.0,13668.0,13857.0,12683.0,12683.0,12683.0,707
OtX1R7s6xXo,70708 Kamal Bazar Municipality,70708,26175.0,26474.0,26784.0,20997.0,21328.0,20610.0,20610.0,20610.0,707
bKj54WFyVJ6,70709 Dhakari Rural Municipality,70709,23695.0,23985.0,24279.0,22610.0,22981.0,20577.0,20577.0,20577.0,707
CM5YyMzgtyE,70710 Turmakhand Rural Municipality,70710,27311.0,27646.0,27980.0,24505.0,24901.0,22965.0,22965.0,22965.0,707
PbnmyAhSXvo,70801 Mohanyal Rural Municipality,70801,25772.0,26297.0,26831.0,21356.0,21809.0,21158.0,21158.0,21158.0,708
kRYymWsSu69,70802 Chure Rural Municipality,70802,22421.0,22897.0,23386.0,21504.0,21927.0,21609.0,21609.0,21609.0,708
eHA15T4IKX4,70803 Godawari Municipality,70803,94216.0,96277.0,98379.0,101094.0,102506.0,101366.0,101366.0,101366.0,708
ByByMJgyACH,70804 Gauriganga Municipality,70804,69078.0,70650.0,72251.0,65514.0,66329.0,66153.0,66153.0,66153.0,708
N7UbKeswOXG,70805 Ghodaghodi Municipality,70805,89719.0,91646.0,93602.0,86206.0,87613.0,87199.0,87199.0,87199.0,708
PNKIxLhF36g,70806 Bardagoriya Rural Municipality,70806,38565.0,39396.0,40240.0,37813.0,38439.0,37747.0,37747.0,37747.0,708
w8m5t0Lm8Cu,70807 Lamki Chuha Municipality,70807,89631.0,91550.0,93506.0,91180.0,92685.0,92752.0,92752.0,92752.0,708
xk5ycdzcQou,70808 Janaki Rural Municipality,70808,57919.0,59205.0,60510.0,49957.0,50711.0,49103.0,49103.0,49103.0,708
wBYpHj97IZo,70809 Joshipur Rural Municipality,70809,43753.0,44749.0,45760.0,37253.0,37790.0,36251.0,36251.0,36251.0,708
xJXQ3lrI3QE,70810 Tikapur Municipality,70810,91504.0,93518.0,95570.0,90315.0,91564.0,90538.0,90538.0,90538.0,708
QAvh6PqC9ao,70811 Bhajani Municipality,70811,62215.0,63613.0,65036.0,53931.0,54778.0,53288.0,53288.0,53288.0,708
VhaLK7CB4LV,70812 Kailari Rural Municipality,70812,58101.0,59421.0,60770.0,50568.0,51261.0,48531.0,48531.0,48531.0,708
WRKcqzZHRdg,70813 Dhangadhi Sub-Metropolitan City,70813,178232.0,182211.0,186250.0,206735.0,209478.0,203232.0,203232.0,203232.0,708
NJRFRHdhKXf,70901 Krishnapur Municipality,70901,64472.0,65576.0,66687.0,72685.0,73870.0,72893.0,72893.0,72893.0,709
mHYyY7S8j05,70902 Shuklaphanta Municipality,70902,54060.0,54981.0,55909.0,54517.0,55393.0,55082.0,55082.0,55082.0,709
eqgFgSRbOxT,70903 Bedkot Municipality,70903,56631.0,57606.0,58586.0,58392.0,59283.0,58120.0,58120.0,58120.0,709
WTMxLUaucNm,70904 Bhimdatta Municipality,70904,124097.0,126379.0,128715.0,123589.0,125325.0,124179.0,124179.0,124179.0,709
Vaz2akuQgf5,70905 Dodharachadani  Municipality,70905,44765.0,45539.0,46309.0,43596.0,44311.0,43645.0,43645.0,43645.0,709
NXKDqdR7CUd,70906 Laljhadi Rural Municipality,70906,25882.0,26330.0,26786.0,25337.0,25757.0,23686.0,23686.0,23686.0,709
uyEaMlGY93o,70907 Punarbas Municipality,70907,61003.0,62020.0,63055.0,61785.0,62787.0,63262.0,63262.0,63262.0,709
xTWW1v7S7qX,70908 Belouri Municipality,70908,61291.0,62345.0,63412.0,54048.0,54869.0,54456.0,54456.0,54456.0,709
MidYQV1Jxnv,70909 Beldandi Rural Municipality,70909,24812.0,25211.0,25616.0,24962.0,24648.0,20962.0,20962.0,20962.0,709
